turn,action,reward,water_used,survival_fraction,final_mean_health,weather,is_success,rain,water_step,new_deaths,invalid_action
1,5,1.0,0.0,1.0,1.0,0,False,0.0,0.0,0,0
2,2,0.9,1.0,1.0,1.0,0,False,0.0,1.0,0,0
3,3,0.9,2.0,1.0,1.0,0,False,0.0,1.0,0,0
4,5,1.0,2.0,1.0,1.0,0,False,0.0,0.0,0,0
5,5,1.0,2.0,1.0,1.0,0,False,0.0,0.0,0,0
6,1,0.9,3.0,1.0,1.0,1,False,0.0,1.0,0,0
7,5,1.0,3.0,1.0,1.0,1,False,0.0,0.0,0,0
8,2,0.9,4.0,1.0,1.0,1,False,0.04,1.0,0,0
9,5,1.0,4.0,1.0,1.0,0,False,0.0,0.0,0,0
10,4,0.95,4.0,1.0,1.0,0,False,0.0,0.0,0,0
11,5,1.0,4.0,1.0,1.0,0,False,0.02,0.0,0,0
12,3,0.9,5.0,1.0,1.0,1,False,0.0,1.0,0,0
13,5,1.0,5.0,1.0,1.0,1,False,0.0,0.0,0,0
14,0,0.9,6.0,1.0,1.0,2,False,0.0,1.0,0,0
15,5,1.0,6.0,1.0,1.0,2,False,0.08,0.0,0,0
16,5,1.0,6.0,1.0,1.0,2,False,0.0,0.0,0,0
17,5,1.0,6.0,1.0,1.0,2,False,0.08,0.0,0,0
18,5,1.0,6.0,1.0,1.0,2,False,0.0,0.0,0,0
19,5,0.9948284089587713,6.0,1.0,0.9948284089587713,2,False,0.08,0.0,0,0
20,5,0.9985784089587713,6.0,1.0,0.9985784089587713,2,False,0.0,0.0,0,0
21,5,0.9854577240974788,6.0,1.0,0.9854577240974788,2,False,0.08,0.0,0,0
22,5,0.9674872138954179,6.0,1.0,0.9674872138954179,0,False,0.08,0.0,0,0
23,5,0.9515909548995355,6.0,1.0,0.9515909548995355,0,False,0.0,0.0,0,0
24,5,0.9376901629662757,6.0,1.0,0.9376901629662757,0,False,0.0,0.0,0,0
25,5,0.9258534128127627,6.0,1.0,0.9258534128127627,1,False,0.0,0.0,0,0
26,5,0.9125376772352286,6.0,1.0,0.9125376772352286,1,False,0.04,0.0,0,0
27,5,0.9007970818003181,6.0,1.0,0.9007970818003181,0,False,0.0,0.0,0,0
28,5,0.9082970818003182,6.0,1.0,0.9082970818003182,0,False,0.0,0.0,0,0
29,5,0.9157970818003183,6.0,1.0,0.9157970818003183,1,False,0.0,0.0,0,0
30,5,0.9232970818003181,6.0,1.0,0.9232970818003181,1,False,0.04,0.0,0,0
31,5,0.9307970818003182,6.0,1.0,0.9307970818003182,0,False,0.0,0.0,0,0
32,2,0.8382970818003183,7.0,1.0,0.9382970818003182,0,False,0.0,1.0,0,0
33,5,0.9457970818003183,7.0,1.0,0.9457970818003183,0,False,0.0,0.0,0,0
34,5,0.9532970818003182,7.0,1.0,0.9532970818003182,0,False,0.0,0.0,0,0
35,5,0.9607970818003182,7.0,1.0,0.9607970818003182,0,False,0.0,0.0,0,0
36,2,0.8682970818003183,8.0,1.0,0.9682970818003183,0,False,0.0,1.0,0,0
37,1,0.8757970818003183,9.0,1.0,0.9757970818003183,0,False,0.0,1.0,0,0
38,4,0.9332970818003181,9.0,1.0,0.9832970818003182,0,False,0.02,0.0,0,0
39,5,0.9907970818003182,9.0,1.0,0.9907970818003182,0,False,0.0,0.0,0,0
40,5,0.9967059318109974,9.0,1.0,0.9967059318109974,0,False,0.0,0.0,0,0
41,3,0.9,10.0,1.0,1.0,0,False,0.0,1.0,0,0
42,2,0.9,11.0,1.0,1.0,1,False,0.0,1.0,0,0
43,5,1.0,11.0,1.0,1.0,2,False,0.0,0.0,0,0
44,5,1.0,11.0,1.0,1.0,1,False,0.08,0.0,0,0
45,5,1.0,11.0,1.0,1.0,1,False,0.0,0.0,0,0
46,5,1.0,11.0,1.0,1.0,1,False,0.0,0.0,0,0
47,1,0.9,12.0,1.0,1.0,1,False,0.04,1.0,0,0
48,5,1.0,12.0,1.0,1.0,1,False,0.04,0.0,0,0
49,5,1.0,12.0,1.0,1.0,1,False,0.0,0.0,0,0
50,5,1.0,12.0,1.0,1.0,2,False,0.0,0.0,0,0
51,5,1.0,12.0,1.0,1.0,2,False,0.0,0.0,0,0
52,5,1.0,12.0,1.0,1.0,0,False,0.08,0.0,0,0
53,5,1.0,12.0,1.0,1.0,0,False,0.02,0.0,0,0
54,5,1.0,12.0,1.0,1.0,1,False,0.0,0.0,0,0
55,5,1.0,12.0,1.0,1.0,2,False,0.0,0.0,0,0
56,5,1.0,12.0,1.0,1.0,1,False,0.08,0.0,0,0
57,5,1.0,12.0,1.0,1.0,1,False,0.0,0.0,0,0
58,5,1.0,12.0,1.0,1.0,2,False,0.0,0.0,0,0
59,5,1.0,12.0,1.0,1.0,1,False,0.08,0.0,0,0
60,5,1.0,12.0,1.0,1.0,1,True,0.0,0.0,0,0
