algorithm,config_id,training_seed,train_seconds,actual_steps,episode_return,survival_fraction,final_mean_health,water_used,success
A2C,gamma_095,101,468.4281183999992,307200,55.38661693008017,0.97,0.9157086587988146,17.04691100028902,0.94
A2C,gamma_095,102,469.7054333999986,307200,55.09373925710575,0.955,0.8926517605268962,16.45291323150584,0.92
A2C,gamma_095,103,467.6915014999977,307200,55.51921668115888,0.975,0.9192603108290285,17.034235398757975,0.94
A2C,gamma_095,104,468.4797982000018,307200,55.60040366565584,0.975,0.9168514802058019,16.89,0.94
A2C,gamma_095,105,467.335530999997,307200,54.117182410962926,0.9425,0.87110306774008,16.87280811385693,0.9
DQN,lr_3e-4,101,384.0822549000004,307200,53.488479973240686,0.96,0.8868902993442448,16.76,0.92
DQN,lr_3e-4,102,384.1112362000058,307200,55.40346347207571,0.9775,0.9152920406148201,18.39,0.95
DQN,lr_3e-4,103,382.2985372999974,307200,54.469021136052994,0.9675,0.8980170857472699,17.52,0.93
DQN,lr_3e-4,104,383.6701497999966,307200,53.66467700530627,0.96,0.8840141386950444,16.99,0.89
DQN,lr_3e-4,105,382.8242367999992,307200,55.06305764342419,0.965,0.9070371967723477,17.45,0.92
PPO,gamma_095,101,601.6426111000037,307200,55.63840275759473,0.975,0.9172134971531762,16.77,0.94
PPO,gamma_095,102,600.8975395999951,307200,56.15567604484424,0.975,0.9284118164342136,16.054700540592027,0.94
PPO,gamma_095,103,603.6389662999936,307200,56.186164512733825,0.9775,0.9331873995078678,16.06,0.95
PPO,gamma_095,104,604.6858380999984,307200,55.68663345897451,0.965,0.9176746357870644,15.75,0.93
PPO,gamma_095,105,602.6586164999972,307200,55.812897949940805,0.9775,0.921793302328111,16.356019811990187,0.95
