evaluation_seed,episode_return,episode_length,survival_fraction,final_mean_health,water_used,success
2000,57.716091959039375,60,1.0,1.0,12.0,1
2001,58.14390767414608,60,1.0,0.9999990913773362,9.0,1
2002,57.00818223705947,60,1.0,1.0,28.0,1
2003,58.593793686864466,60,1.0,1.0,13.0,1
2004,58.74999999999999,60,1.0,1.0,12.0,1
2005,57.548822898097754,60,1.0,1.0,11.0,1
2006,58.22011553308222,60,1.0,0.9611331575513142,13.0,1
2007,57.749999999999986,60,1.0,1.0,21.0,1
2008,57.85231520393826,60,1.0,1.0,17.0,1
2009,56.48005378603941,60,1.0,1.0,33.0,1
2010,57.7285102656624,60,1.0,1.0,21.0,1
2011,57.611008136091364,60,1.0,1.0,22.0,1
2012,57.96781237953712,60,1.0,0.8429058127047707,11.0,1
2013,57.95739140065793,60,1.0,1.0,19.0,1
2014,56.898680258412206,60,1.0,1.0,25.0,1
2015,57.74243887925169,60,1.0,1.0,21.0,1
2016,56.97915205576208,60,1.0,1.0,18.0,1
2017,57.33076383507319,60,1.0,1.0,25.0,1
2018,55.88806087697363,60,1.0,1.0,9.0,1
2019,57.63691531743111,60,1.0,1.0,19.0,1
2020,58.16625169244491,60,1.0,1.0,10.0,1
2021,57.37705505758331,60,1.0,1.0,16.0,1
2022,48.333348263706334,60,1.0,0.807355407707179,11.0,1
2023,57.6944167336283,60,1.0,1.0,17.0,1
2024,58.36936677208094,60,1.0,1.0,15.0,1
2025,55.12284711350488,60,1.0,0.8553584026282391,10.0,1
2026,57.47429689736825,60,1.0,0.762598809741309,15.0,1
2027,57.30778229791818,60,1.0,1.0,25.0,1
2028,57.665431967691894,60,1.0,1.0,22.0,1
2029,45.02951071231453,60,1.0,0.5838078566816562,10.0,1
2030,30.532497362496535,60,0.75,0.4328234695602607,7.0,0
2031,57.363834954762396,60,1.0,1.0,18.0,1
2032,55.20442141646479,60,1.0,0.9666917659949105,10.0,1
2033,58.749999999999986,60,1.0,1.0,12.0,1
2034,57.24999999999998,60,1.0,1.0,26.0,1
2035,58.03715149723646,60,1.0,1.0,18.0,1
2036,57.14986375814245,60,1.0,1.0,26.0,1
2037,58.86709859788872,60,1.0,1.0,10.0,1
2038,57.24999999999998,60,1.0,1.0,26.0,1
2039,58.9986368322291,60,1.0,1.0,8.0,1
2040,40.7069716952123,60,0.75,0.27080036486747516,10.0,0
2041,57.680596689365785,60,1.0,1.0,22.0,1
2042,55.172841005181716,60,1.0,0.979567567294938,15.0,1
2043,50.62405248395216,60,1.0,0.8528089012980471,16.0,1
2044,55.873626502353105,60,1.0,0.9573318514552325,15.0,1
2045,57.049999999999976,60,1.0,1.0,28.0,1
2046,57.049999999999976,60,1.0,1.0,28.0,1
2047,57.11810459632849,60,1.0,0.9699418496279533,17.0,1
2048,52.63638900244484,60,1.0,0.8757715928917025,6.0,1
2049,57.026241438942435,60,1.0,1.0,28.0,1
2050,45.347325809076246,60,1.0,0.6874671222608884,11.0,1
2051,52.09025133688074,60,1.0,0.28898441026867033,15.0,0
2052,58.19999999999999,60,1.0,1.0,17.0,1
2053,32.832612458694896,53,0.0,0.0,8.0,0
2054,57.54999999999998,60,1.0,1.0,23.0,1
2055,50.76597745252085,60,1.0,0.5584789573004296,9.0,1
2056,57.516425707274045,60,1.0,0.9801297510840123,17.0,1
2057,57.498425143953206,60,1.0,0.9942848345745718,23.0,1
2058,50.516345699353955,60,1.0,0.25141222532511454,11.0,0
2059,58.010069822081114,60,1.0,0.985465631201437,5.0,1
2060,58.05159322767331,60,1.0,1.0,12.0,1
2061,57.69999999999998,60,1.0,1.0,22.0,1
2062,57.14999999999998,60,1.0,1.0,27.0,1
2063,57.92551543283587,60,1.0,1.0,19.0,1
2064,47.31865616904631,60,1.0,0.6603004588318431,13.0,1
2065,42.72865971448085,60,0.75,0.522715703167867,11.0,0
2066,54.46068637740286,60,1.0,0.8208109974311598,14.0,1
2067,58.008082938749965,60,1.0,1.0,8.0,1
2068,57.149999999999984,60,1.0,1.0,27.0,1
2069,55.50757436170898,60,1.0,1.0,13.0,1
2070,45.48074563651158,60,0.75,0.521889019419002,6.0,0
2071,56.094749395718594,60,1.0,1.0,21.0,1
2072,58.64999999999999,60,1.0,1.0,13.0,1
2073,58.03975436111714,60,1.0,1.0,18.0,1
2074,57.99999999999999,60,1.0,1.0,19.0,1
2075,56.580720720347465,60,1.0,1.0,32.0,1
2076,56.949999999999974,60,1.0,1.0,29.0,1
2077,57.00669243659854,60,1.0,1.0,26.0,1
2078,54.733075440234025,60,1.0,0.5306217164175268,12.0,1
2079,58.621817598389924,60,1.0,1.0,13.0,1
2080,57.250002394232986,60,1.0,0.9899048884680426,24.0,1
2081,58.44999999999999,60,1.0,1.0,15.0,1
2082,57.37488756485649,60,1.0,0.988993786874115,23.0,1
2083,57.899999999999984,60,1.0,1.0,20.0,1
2084,58.22372638743277,60,1.0,1.0,11.0,1
2085,57.841086452839136,60,1.0,0.9423465543313788,19.0,1
2086,57.15964287187376,60,1.0,1.0,18.0,1
2087,57.549999999999976,60,1.0,1.0,23.0,1
2088,58.24871230730969,60,1.0,0.9741757733122106,16.0,1
2089,49.232265628867204,60,1.0,0.7986663326294038,8.0,1
2090,57.55484383652766,60,1.0,1.0,22.0,1
2091,18.730591587968433,42,0.0,0.0,2.0,0
2092,58.24823078066882,60,1.0,1.0,16.0,1
2093,51.82643942079934,60,1.0,1.0,17.0,1
2094,58.078935937925465,60,1.0,1.0,14.0,1
2095,47.77084599830173,60,1.0,0.8277892080128266,11.0,1
2096,57.206995709896425,60,1.0,1.0,26.0,1
2097,57.529288917345745,60,1.0,1.0,23.0,1
2098,58.35787533673132,60,1.0,1.0,15.0,1
2099,48.74165430175802,60,1.0,0.8257016796376836,17.0,1
