,,episode_return,episode_return,survival_fraction,survival_fraction,final_mean_health,final_mean_health,water_used,water_used,success,success,train_seconds,train_seconds
,,mean,std,mean,std,mean,std,mean,std,mean,std,mean,std
algorithm,config_id,,,,,,,,,,,,
A2C,base,29.16874060915318,3.390974396113784,0.3416666666666666,0.03818813079129868,0.22163988067414817,0.006272947559303932,6.176243558945679,0.6160113150576012,0.08888888888888889,0.06938886664887108,85.0021679333319,1.81387951246593
A2C,entropia_005,28.606258094344813,2.5691232883741364,0.3111111111111111,0.03367876570272816,0.19520172910037492,0.027864145686530287,5.128240695337861,0.5768323533614104,0.08888888888888889,0.06938886664887109,110.12563896666931,4.9056086606941856
A2C,gamma_095,30.368002538019578,2.224209142349567,0.34722222222222215,0.01734721666221775,0.22461084098106232,0.02159700430243922,5.605875070578559,0.4848238467052284,0.05555555555555555,0.06938886664887109,107.85047750000376,11.764866978178196
A2C,lr_3e-4,18.940892206720534,0.10484332171457418,0.15833333333333333,0.0,0.09831704874155915,0.0,0.0633178807140402,0.10966978642430317,0.0,0.0,81.6460880666685,2.2754432292497473
DQN,base,30.8881432354008,14.477296989775187,0.45555555555555555,0.3024590575292489,0.28956521837237426,0.21713622825577525,9.955555555555556,1.586167054860845,0.07777777777777778,0.08388704928078611,84.10557229999783,1.8603939200817312
DQN,exploracao_050,34.86682984374361,7.970473194912349,0.5166666666666667,0.18782379449307737,0.34264166795608025,0.17159973767583991,11.5,1.6703293088490072,0.08888888888888889,0.10183501544346311,104.32722143333133,9.754639020541246
DQN,gamma_095,37.58746207933478,12.713323450140708,0.5944444444444444,0.2547238882776,0.4317127894806661,0.2548433507598555,12.933333333333332,2.570559817973077,0.26666666666666666,0.4055175020198813,103.01328843333613,11.020463556344266
DQN,lr_3e-4,49.125133398124206,1.2620738191105323,0.8361111111111111,0.012729376930432947,0.6747400087943684,0.05400093114942841,17.96666666666667,0.9609023536933043,0.6444444444444444,0.08388704928078611,80.6885221666671,2.2143526280435055
PPO,base,52.8726010620886,0.2228530475429836,0.8944444444444445,0.004811252243246865,0.7968765206108864,0.005836704790275549,16.00526822113937,0.24272347325211735,0.7666666666666667,0.0,120.8989679999989,2.3657345535724423
PPO,clip_010,53.32035304452464,0.3559139500207074,0.9055555555555556,0.012729376930432842,0.8098535335074484,0.013638515872318667,15.794157110028259,0.45116591758406754,0.7777777777777778,0.01924500897298752,205.52925713333389,18.02539133961482
PPO,gamma_095,53.68972678148223,0.35576086154222064,0.8972222222222223,0.004811252243246865,0.8142411747277434,0.0174209574246953,15.155555555555557,0.2009237924447236,0.8000000000000002,0.0,161.448502599999,7.767726855841511
PPO,lr_1e-4,35.06540745935403,4.372865154911254,0.41944444444444445,0.13701513839042806,0.2990917239062047,0.12642573314291222,7.084133619310898,1.817815926966469,0.17777777777777778,0.01924500897298755,137.17897150000258,22.504208027362644
