#{"t_start": 1790473049.872492, "env_id": "None"}
r,l,t
15.975145,60,1.340704
6.592135,57,1.382012
25.201398,60,1.43168
19.272794,60,1.484082
8.363554,38,1.515527
33.330053,60,1.569749
9.121788,50,1.6108
13.02076,60,1.665414
8.1783,42,1.698789
14.904862,50,1.738591
26.473421,60,1.793729
12.209474,60,1.849739
5.433773,38,1.879982
30.099828,60,1.914639
17.83367,60,1.949967
3.525523,29,1.967531
20.626616,60,2.001597
10.159299,50,2.029734
12.091948,45,2.055904
29.163187,60,2.480228
2.970678,34,2.505981
14.016979,60,2.558413
15.068781,47,2.595602
17.1991,60,2.649076
11.364476,60,2.702443
17.265616,57,2.75446
17.690709,60,2.80845
14.890258,60,2.855336
3.3687,31,2.878457
6.389119,38,2.901578
1.021475,25,2.921201
15.226146,59,2.968384
15.668939,60,3.003061
10.156319,54,3.041342
17.184972,60,3.085383
23.836456,56,3.128323
11.975542,60,3.179698
12.513063,60,3.224979
12.106279,53,3.78356
13.639317,60,3.837061
36.40283,60,3.889089
3.720434,35,3.91616
11.275547,49,3.951111
20.225008,60,4.004608
23.310426,60,4.054111
19.529765,60,4.100521
23.973439,60,4.135404
9.201418,60,4.170022
17.018471,60,4.205764
7.493327,33,4.228092
17.444456,60,4.271433
13.457926,53,4.303088
24.642892,60,4.337567
8.7731,43,4.363052
24.2886,60,4.398235
15.237772,60,4.434537
12.57476,56,4.477655
6.139817,33,4.859911
14.004253,60,4.895041
16.278134,60,4.929693
6.842196,44,4.969579
18.79044,60,5.011249
26.235034,60,5.046933
22.719154,60,5.083142
15.236784,60,5.133321
23.461056,60,5.185597
2.109458,41,5.219773
17.835115,60,5.264587
5.306245,33,5.292477
15.706255,53,5.33017
5.146888,31,5.348941
3.907975,41,5.378844
10.716046,60,5.41747
15.010385,47,5.459315
22.695918,60,5.505168
16.538549,57,5.550593
16.611788,60,5.585509
7.787626,48,6.061174
14.992189,56,6.105534
19.030782,60,6.142066
14.102402,48,6.169896
26.675123,60,6.203889
5.478845,40,6.227549
13.610997,60,6.263449
14.000272,39,6.287616
4.837873,52,6.317752
9.106129,46,6.34494
20.19483,60,6.380584
14.35065,60,6.414887
13.253567,60,6.450211
22.790129,58,6.492518
17.266083,60,6.541335
25.043654,60,6.577537
8.497535,35,6.60349
16.944675,57,6.63789
32.558376,60,6.673291
31.644316,60,7.169878
20.105882,60,7.222472
24.647355,60,7.265886
13.120684,49,7.308087
19.977082,60,7.359422
10.86964,60,7.410194
16.271655,60,7.459018
32.284473,60,7.49982
5.341122,42,7.524059
13.576017,60,7.566047
9.360606,55,7.598213
27.75515,60,7.643912
20.887726,60,7.678843
19.461092,60,7.714922
23.710939,60,7.762349
19.035282,60,7.803036
7.615557,36,7.822657
7.974516,36,7.845244
3.515767,36,7.866915
23.78382,60,8.376736
19.66397,60,8.417793
17.573508,60,8.459596
19.295761,60,8.495255
31.35361,60,8.530047
22.446179,60,8.565862
30.971899,60,8.59999
26.087458,60,8.646969
19.755341,58,8.690127
7.539125,44,8.714658
20.416483,58,8.759343
34.642949,60,8.805629
13.981754,60,8.858943
24.952617,60,8.909866
23.337986,60,8.960434
23.867958,60,9.011502
28.259715,60,9.061401
36.777414,60,9.555149
16.64892,60,9.596403
27.599984,52,9.637606
19.94241,60,9.679745
11.671672,53,9.721088
14.152237,47,9.755287
8.660085,48,9.790879
27.55314,60,9.824906
29.023135,60,9.877116
21.036283,60,9.916611
19.141463,58,9.96264
18.239004,60,10.013999
17.045477,60,10.064849
11.678679,52,10.10972
46.115902,60,10.144212
6.939347,41,10.168312
24.335883,60,10.203507
17.780654,43,10.229148
13.019896,59,10.265221
26.083555,60,10.692493
27.276439,60,10.746919
13.88126,59,10.799801
32.830296,60,10.855587
24.821499,60,10.897095
26.3291,60,10.931778
27.687174,60,10.967
40.234939,60,11.010473
17.348193,44,11.048426
20.541213,60,11.084428
8.185568,47,11.122612
41.580835,60,11.165372
35.03636,60,11.204813
18.32787,60,11.241227
31.093913,60,11.276499
26.046714,60,11.312584
27.214107,60,11.347462
33.970113,60,11.795428
22.576319,54,11.834332
25.084577,60,11.872325
15.095458,60,11.912583
20.021643,60,11.955837
25.482093,60,12.011412
43.603722,60,12.063593
17.21717,60,12.116429
27.236399,60,12.167774
30.683766,60,12.220462
27.492532,60,12.265399
35.006725,60,12.320636
14.165815,38,12.355455
4.482034,35,12.377507
36.356403,60,12.415811
18.474292,60,12.453946
29.591679,60,12.496089
20.108668,60,12.549432
21.197847,60,13.045219
26.375804,60,13.09691
18.524703,60,13.131166
32.29481,60,13.171502
12.213421,60,13.222314
31.79974,60,13.264331
12.648671,54,13.296231
10.483825,37,13.317111
30.47448,60,13.352982
14.870357,60,13.38817
25.239597,60,13.424994
19.811263,60,13.459869
26.607566,60,13.496928
24.646886,60,13.533813
26.336179,57,13.568518
38.520116,60,13.610894
28.928108,55,13.647631
16.070957,44,13.684944
18.155776,60,14.199803
9.191906,40,14.232596
4.711546,43,14.263774
28.444503,60,14.300315
16.904967,47,14.329509
10.091432,55,14.36633
23.278143,58,14.401953
14.791365,60,14.443694
25.660242,60,14.487011
33.360682,60,14.539388
32.45726,60,14.589307
26.14998,60,14.641394
26.880008,60,14.694564
25.971592,60,14.731094
36.533383,60,14.770441
14.140048,52,14.802959
37.214343,60,14.853922
20.25616,60,14.902331
12.178363,42,15.382545
18.91852,60,15.418589
20.542667,60,15.469189
12.858541,60,15.507655
33.168822,60,15.54333
28.135097,60,15.579284
26.489218,60,15.621255
9.004844,54,15.669452
11.914665,60,15.721802
26.104165,60,15.761204
31.465919,60,15.795331
39.640849,60,15.841608
19.338806,60,15.892429
15.639247,57,15.941348
18.724122,60,15.985949
28.564508,60,16.029311
13.95349,49,16.057904
35.651567,60,16.102746
26.600053,60,16.630355
31.160108,60,16.672872
23.700498,60,16.725756
12.186022,37,16.752407
11.943057,50,16.794555
23.627943,60,16.838289
14.936153,40,16.872485
16.947369,60,16.914065
17.497265,46,16.950093
12.242641,59,16.989412
45.065523,60,17.032244
20.432257,60,17.0718
5.379228,28,17.089383
18.714804,60,17.125228
21.08707,60,17.176689
18.667715,55,17.225338
38.871486,60,17.279446
21.825607,60,17.325766
34.979347,60,17.379874
14.321031,60,17.840673
24.129638,60,17.875416
24.173009,60,17.913201
22.230664,60,17.953398
9.628438,57,18.004482
27.133569,60,18.059301
17.764523,60,18.10671
24.010279,60,18.15585
10.099822,58,18.208621
18.654136,60,18.253044
31.167368,60,18.299607
28.855238,60,18.339373
9.911308,51,18.371377
42.747385,60,18.408052
32.119869,60,18.444302
8.410515,43,18.469529
15.366826,47,18.498178
19.46121,60,18.53231
13.013439,42,19.016804
8.254566,34,19.037947
51.910937,60,19.083511
18.00231,60,19.134311
2.075258,39,19.165872
6.078594,33,19.196475
33.10649,60,19.250947
9.681852,38,19.285114
25.672503,60,19.325562
12.057509,39,19.359962
20.320502,60,19.403115
11.858154,60,19.439492
12.174839,48,19.468177
17.933369,51,19.504184
15.037664,55,19.544413
18.569839,60,19.594063
30.007752,60,19.642743
19.045953,60,19.684668
24.569807,60,19.726558
8.144839,42,19.751156
53.821167,60,20.249296
14.069683,50,20.288551
18.270099,60,20.332307
33.557267,60,20.375564
26.379378,60,20.419167
21.364011,60,20.467803
9.190644,35,20.496832
46.211227,60,20.545754
46.442573,60,20.597695
33.667714,60,20.638918
30.128455,60,20.684863
45.122869,60,20.724208
21.632391,60,20.760037
36.556171,60,20.802585
28.199884,60,20.848667
26.237847,60,20.895204
20.12651,60,20.934916
41.524073,60,21.399233
17.390813,60,21.445816
27.783267,60,21.484528
14.635063,55,21.522221
26.376279,60,21.56661
22.64628,60,21.606272
27.840498,60,21.645709
26.174995,60,21.683302
36.929561,60,21.728918
15.665204,51,21.771252
40.450164,60,21.814633
29.474238,60,21.858235
24.227929,55,21.90212
33.665404,60,21.950064
19.928723,60,21.986987
29.512094,60,22.027433
22.778773,60,22.068125
16.711399,60,22.117435
28.841525,60,22.664258
24.394983,60,22.703222
20.323308,60,22.741914
16.786002,60,22.777631
28.127812,60,22.819759
6.874208,48,22.855145
37.651822,60,22.892348
25.262745,60,22.931284
30.503056,60,22.9657
44.188093,60,23.018662
28.751687,60,23.071115
19.371131,60,23.11383
34.306214,60,23.149098
24.197141,52,23.18905
27.887911,60,23.240829
33.890189,57,23.289229
20.714509,60,23.343677
32.423608,60,23.924066
30.755856,60,23.977026
32.047792,60,24.020259
33.17717,60,24.069646
20.815758,59,24.108343
20.148888,60,24.146142
25.509259,60,24.181286
29.91514,60,24.216682
21.176819,60,24.25235
10.315576,60,24.291141
39.960384,60,24.325367
38.377919,60,24.362107
29.374004,60,24.406805
18.545126,60,24.443254
13.468312,60,24.479615
25.682046,60,24.518123
38.918333,60,24.554325
32.378951,60,25.041061
12.878475,51,25.080899
46.090818,60,25.132118
34.138623,60,25.171026
21.757885,60,25.216343
18.386093,50,25.245937
24.701367,60,25.281152
35.493554,60,25.323192
52.827653,60,25.360952
21.961861,60,25.410115
40.245583,60,25.459567
31.163611,60,25.512898
17.85788,60,25.552836
6.431625,33,25.575994
14.384599,60,25.618201
24.310984,60,25.654984
9.209588,38,25.679585
7.541801,49,25.713166
33.413653,59,25.748106
38.745701,60,26.213306
27.379613,60,26.262657
3.135137,36,26.286174
32.664701,60,26.331931
12.541681,50,26.360934
18.885772,60,26.40739
34.232768,60,26.448639
16.333986,60,26.499339
24.081906,60,26.541212
52.085361,60,26.579995
10.265594,41,26.615305
27.696795,60,26.659553
29.05764,60,26.695177
22.74871,60,26.73455
20.504537,60,26.779294
15.0142,59,26.82419
29.410069,60,26.868791
46.637594,60,27.413826
6.823538,32,27.443369
21.056816,60,27.489124
23.109941,60,27.543724
11.189702,40,27.573138
27.172844,60,27.618345
34.570642,60,27.659721
21.37139,53,27.694138
16.594681,60,27.737026
27.277965,60,27.780766
24.077389,50,27.818108
28.530433,60,27.874046
23.476417,60,27.92274
40.765572,60,27.966484
26.827627,60,28.007667
29.191573,60,28.051061
40.621071,60,28.099025
12.819002,52,28.130467
16.778946,60,28.17436
44.253182,60,28.663293
51.529987,60,28.70709
45.971864,60,28.763059
23.431277,60,28.815206
11.682152,50,28.852521
46.649017,60,28.895607
33.051288,60,28.945548
30.078674,60,28.990821
24.333459,60,29.040199
42.183726,60,29.089611
19.531348,60,29.139169
22.465658,60,29.182564
43.196146,60,29.234554
22.012463,60,29.283795
40.073687,60,29.336317
49.627341,60,29.391595
30.911288,60,29.442639
15.334422,60,30.038778
18.298685,46,30.071073
22.748781,60,30.112306
17.116582,60,30.150777
10.430168,41,30.176566
25.915778,60,30.213844
42.625353,60,30.250192
29.501972,60,30.30091
19.78683,60,30.34816
16.209778,60,30.384005
26.284513,60,30.430066
28.125224,60,30.469198
29.80559,60,30.513164
44.181267,60,30.561039
11.25656,43,30.5935
31.027022,60,30.638645
17.432825,60,30.680831
31.587792,60,30.727688
13.370554,46,31.318078
27.806533,60,31.356305
25.803058,60,31.39552
26.108749,60,31.432083
41.803555,60,31.470922
44.286235,60,31.522045
27.666514,60,31.571353
28.166734,60,31.622823
28.307469,60,31.673967
30.777169,60,31.723406
32.490215,60,31.77572
17.853557,60,31.827177
20.675074,60,31.88112
32.735461,60,31.932453
30.977319,60,31.982671
33.823056,60,32.030996
43.482055,60,32.074551
38.956041,60,32.65069
31.109087,60,32.701928
31.090344,60,32.749532
7.511911,60,32.79249
4.477023,27,32.816623
32.320418,60,32.861015
24.459282,60,32.903982
31.726308,60,32.946129
43.697961,60,32.992855
39.205271,60,33.039731
29.921329,60,33.082767
18.934931,60,33.13114
31.514566,60,33.177708
38.749457,60,33.219519
29.526504,60,33.271889
37.01213,60,33.323068
27.85386,60,33.378065
27.497899,60,33.432472
35.285518,60,33.982609
34.817053,60,34.018044
39.521381,60,34.057372
41.774372,60,34.097626
14.529209,60,34.146951
47.84191,60,34.188427
42.874453,60,34.236291
33.066257,60,34.276625
38.813297,60,34.33113
29.292009,60,34.382824
30.049205,60,34.437022
19.161515,60,34.491017
25.49445,60,34.544218
12.244792,60,34.589665
23.091142,60,34.633971
40.534922,60,34.68309
35.384914,60,34.73071
22.805258,60,35.20239
14.493292,60,35.242812
28.537733,60,35.28812
30.880675,60,35.335149
17.215871,60,35.382018
13.228008,60,35.424096
38.611035,60,35.463155
37.715558,60,35.50238
16.637008,40,35.537526
41.428531,60,35.587328
42.061357,60,35.631256
17.084826,60,35.683743
33.007755,60,35.733328
34.543098,60,35.781928
38.019202,60,35.827675
29.275493,60,35.879056
43.161072,60,35.928972
43.899013,60,36.440605
32.0588,60,36.481829
41.766326,60,36.525058
8.147552,46,36.557981
32.177213,60,36.59924
7.773307,38,36.622841
28.820043,60,36.667289
28.764354,60,36.704499
19.25404,60,36.742367
25.064098,60,36.782547
34.334239,60,36.82365
27.333544,60,36.875245
26.400943,60,36.915041
22.520165,60,36.954232
21.00017,58,36.991102
42.638633,60,37.032321
3.637954,31,37.051941
41.184805,60,37.091269
48.647436,60,37.545589
26.344527,60,37.589795
30.001889,60,37.634812
33.974315,60,37.679825
39.108876,60,37.72155
27.895287,60,37.76547
26.9422,60,37.81004
35.228266,60,37.854411
25.619209,60,37.890564
14.551038,60,37.929015
37.846793,60,37.968874
9.950288,48,38.004009
26.124795,60,38.043197
29.499042,60,38.082024
12.784018,51,38.113614
27.35992,60,38.15585
39.305214,60,38.194965
24.027864,60,38.232064
24.564616,60,38.679237
34.19518,60,38.717202
30.430722,60,38.756824
41.745503,60,38.803599
49.159796,60,38.849489
38.12527,60,38.890798
21.185086,56,38.929607
38.642341,60,38.968796
23.841051,60,39.01102
30.415662,60,39.049437
19.639823,60,39.089694
39.477201,60,39.124872
46.071338,60,39.1674
36.851839,60,39.205541
29.262288,60,39.242013
46.02432,60,39.277737
44.67821,60,39.315161
53.082267,60,39.741415
36.356207,60,39.783292
22.705836,60,39.823989
44.28167,60,39.866787
32.956803,60,39.902153
22.688643,60,39.941428
29.568226,60,39.988196
47.573431,60,40.026401
31.420484,60,40.06607
17.353252,60,40.103017
10.376621,38,40.125375
33.267749,60,40.16098
44.128161,60,40.199293
26.09933,60,40.234083
44.8347,60,40.27239
35.415224,60,40.314867
27.151551,60,40.351864
18.667089,58,40.776316
29.084208,60,40.811132
32.461008,60,40.84837
26.711097,60,40.883128
36.360735,60,40.918791
29.401548,60,40.954531
34.677305,60,40.990991
30.741979,60,41.027566
40.948248,60,41.061865
30.821616,60,41.0983
49.474733,60,41.134995
24.33151,60,41.172457
47.110429,60,41.208361
16.705131,60,41.243083
44.374615,60,41.278829
13.216151,60,41.316011
29.4345,60,41.351735
42.290837,60,41.387417
33.290875,60,41.805689
22.717087,60,41.849182
37.733087,60,41.886096
39.838076,60,41.925248
33.976666,60,41.960064
23.52115,60,42.001632
42.976666,60,42.03682
38.887942,60,42.072091
33.808183,60,42.117731
31.308638,60,42.152093
23.666997,60,42.187395
49.025216,60,42.224243
30.093549,60,42.262826
34.00027,60,42.30052
26.120065,60,42.335924
27.280224,60,42.370901
34.988774,60,42.408702
51.589019,60,42.860548
31.04404,60,42.898726
42.536614,60,42.93553
19.194306,60,42.97297
31.100069,60,43.019373
14.424245,60,43.054901
34.479126,60,43.091741
30.820033,60,43.129382
30.627296,60,43.166202
17.96382,60,43.20342
40.869923,60,43.244645
41.293013,60,43.283766
24.450645,60,43.328703
42.552455,60,43.36667
27.473102,60,43.402209
35.060842,60,43.438909
23.805004,60,43.475752
16.914916,59,43.896971
8.398761,33,43.91838
29.548216,60,43.953729
35.212375,60,43.989753
27.367163,60,44.026519
9.241489,42,44.050713
35.385189,60,44.087238
45.307655,60,44.125554
38.58534,60,44.160779
39.269333,60,44.197544
23.812754,60,44.233406
33.477295,60,44.270703
47.719194,60,44.31057
21.820674,60,44.348409
34.88009,60,44.384706
36.317265,60,44.42189
42.188538,60,44.457621
27.50705,60,44.49455
19.554778,60,44.911997
22.572301,60,44.946766
31.406632,60,44.982142
35.246116,60,45.017813
38.979378,60,45.052618
30.329709,60,45.087784
37.091217,60,45.12551
42.845704,60,45.159203
10.494111,60,45.202621
25.277682,60,45.238309
23.235621,60,45.274408
8.0547,47,45.306837
30.508203,60,45.344159
29.391542,60,45.383482
32.180666,60,45.420722
27.29472,60,45.457448
46.615768,60,45.494573
29.773687,60,45.964328
23.309671,60,46.001397
37.042926,60,46.039877
16.852697,60,46.078693
37.69493,60,46.122896
32.007891,60,46.1682
16.332613,49,46.200449
49.705964,60,46.239545
36.320875,60,46.275488
33.133426,60,46.313169
28.019302,60,46.34933
36.343779,60,46.386003
12.214113,46,46.411585
39.647144,60,46.449748
31.454637,60,46.484405
17.988393,60,46.521562
40.420918,60,46.567106
47.13141,60,47.017905
30.601579,60,47.058954
27.394939,60,47.097157
41.874196,60,47.134844
32.78861,60,47.171115
46.775524,60,47.207984
48.0797,60,47.24496
30.975317,60,47.282729
27.091482,60,47.319724
36.634936,60,47.356371
26.746561,60,47.393784
36.755252,60,47.439704
53.196477,60,47.478963
26.003914,60,47.516772
27.944085,60,47.556977
44.494965,60,47.59566
40.084824,60,47.633409
23.420088,60,48.048399
17.902914,60,48.086632
36.283077,60,48.123694
38.286917,60,48.15922
44.403712,60,48.195403
44.700708,60,48.235881
30.158753,60,48.27162
35.1029,60,48.306527
44.357583,60,48.341735
32.386352,60,48.377132
37.905249,60,48.412434
51.126501,60,48.451602
41.224546,60,48.487767
40.533058,60,48.524451
39.750503,60,48.565162
30.133171,60,48.602855
33.652567,60,48.641312
22.652814,58,49.107386
11.173217,31,49.12954
30.076484,60,49.166404
27.200538,60,49.204268
56.060401,60,49.239041
23.581678,60,49.275862
30.10875,60,49.314054
57.067241,60,49.352819
36.956415,60,49.39112
45.247667,60,49.427425
23.569077,60,49.465351
40.105165,60,49.502044
41.818849,60,49.545254
31.639272,60,49.583603
48.213759,60,49.622828
37.236249,60,49.659319
48.610995,60,49.695206
49.386517,60,49.730931
36.355608,60,50.15927
38.519869,60,50.197832
46.24679,60,50.234037
47.446859,60,50.268786
52.372873,60,50.305186
38.979576,60,50.343967
36.53088,60,50.3808
31.337417,60,50.420769
24.693204,60,50.458745
27.401857,60,50.49733
47.468866,60,50.534135
54.824808,60,50.572803
44.368124,60,50.612108
35.49451,60,50.65746
37.944219,60,50.692771
29.144279,60,50.741484
45.238353,60,50.796121
51.643913,60,51.368133
44.077952,60,51.403489
45.252372,60,51.440689
36.763545,60,51.493992
37.39984,60,51.5447
51.940626,60,51.596128
49.766241,60,51.646743
49.612522,60,51.693
37.819781,60,51.736686
54.446022,60,51.790415
35.99546,60,51.843826
46.217724,60,51.897077
37.925032,60,51.946646
26.977539,60,51.999068
40.056562,60,52.046093
52.975027,60,52.097144
44.205405,60,52.148573
30.844801,60,52.639394
34.618342,60,52.677082
43.057839,60,52.720764
14.8565,60,52.761838
49.159234,60,52.804853
33.090612,60,52.852005
47.32141,60,52.892234
43.477449,60,52.93178
20.089465,46,52.959544
53.093848,60,52.993504
19.327816,40,53.018203
40.643722,60,53.060352
34.73482,60,53.104283
31.142148,60,53.148869
37.194431,60,53.184821
35.086385,60,53.220824
48.9254,60,53.258706
10.221426,34,53.282864
47.091656,60,53.76724
28.190651,60,53.815263
44.153457,60,53.859137
42.318148,60,53.904099
38.127042,60,53.945804
34.056685,60,53.995554
39.06055,60,54.031717
53.576158,60,54.07177
43.289318,60,54.124135
41.894731,60,54.170638
54.032732,60,54.225094
42.37044,60,54.270303
41.43903,60,54.312248
53.385801,60,54.359045
23.864672,60,54.395603
52.681468,60,54.432582
21.35076,60,54.473567
37.444544,60,55.001681
49.759267,60,55.050483
22.969811,60,55.098492
45.353764,60,55.134604
48.760215,60,55.178599
49.120482,60,55.226788
56.18655,60,55.261551
14.076734,39,55.287129
35.673797,60,55.336361
36.23666,60,55.372595
53.978328,60,55.412547
42.280424,60,55.455249
53.777806,60,55.492036
51.265721,60,55.527032
40.175107,60,55.576751
44.452289,60,55.630333
43.903282,60,55.685327
38.304809,60,55.731217
54.13913,60,56.250731
29.219341,60,56.300339
46.587222,60,56.343516
41.021973,60,56.394899
47.85919,60,56.437338
52.435036,60,56.480566
45.095155,60,56.528276
39.621703,60,56.588877
45.262209,60,56.635671
51.466023,60,56.677691
39.685308,60,56.725244
31.99207,60,56.773226
54.280319,60,56.815319
40.799477,60,56.866592
39.318774,60,56.909092
39.901297,60,56.945124
50.731248,60,56.980474
25.909914,60,57.492728
36.908441,60,57.542356
48.182652,60,57.580535
54.730334,60,57.617924
53.276939,60,57.654248
37.446205,60,57.694751
40.933393,60,57.742505
52.27836,60,57.786374
35.851282,60,57.826022
37.464207,60,57.882027
29.742963,60,57.924881
46.723505,60,57.974058
48.103302,60,58.026512
20.187517,60,58.078757
47.063602,60,58.126112
44.06973,60,58.177492
56.762419,60,58.231653
45.480589,60,58.750532
47.031078,60,58.800596
35.870612,60,58.860193
35.020597,60,58.91365
51.157486,60,58.964595
49.08759,60,59.022151
47.545829,60,59.078098
42.521207,60,59.135212
53.963596,60,59.179655
55.237195,60,59.23403
44.288463,60,59.27746
54.609074,60,59.325071
42.741962,60,59.370505
45.652294,60,59.418758
32.752326,60,59.468157
42.0796,60,59.520685
21.7979,60,59.564582
55.261342,60,60.031408
52.105001,60,60.071954
46.153435,60,60.118021
26.524233,60,60.164796
52.039871,60,60.214174
51.735299,60,60.250194
52.456005,60,60.288086
33.72898,60,60.329058
29.682372,60,60.37467
52.052274,60,60.416586
49.278644,60,60.466907
48.1511,60,60.506456
52.260382,60,60.547666
47.297908,60,60.585015
40.792899,60,60.625486
50.284067,60,60.661648
43.884537,60,60.705631
47.008675,60,61.266189
48.800768,60,61.311003
56.01552,60,61.347054
53.310743,60,61.382981
35.108168,60,61.428781
53.940569,60,61.469213
54.499649,60,61.521431
40.229346,60,61.565311
50.796933,60,61.604644
51.056649,60,61.639437
45.106837,60,61.675506
51.756001,60,61.717301
38.876432,60,61.752516
53.308071,60,61.802042
48.023605,60,61.856052
26.395645,60,61.904206
46.590577,60,61.953955
37.657424,60,62.526499
54.664964,60,62.572502
44.99211,60,62.623023
28.131017,60,62.667341
42.957401,60,62.704161
55.954955,60,62.755549
39.549942,60,62.805096
49.068327,60,62.851245
46.802296,60,62.890522
29.439225,60,62.937446
43.180534,60,62.975202
56.070443,60,63.022996
52.97474,60,63.066977
32.303798,60,63.112329
23.143319,60,63.159034
56.119471,60,63.204307
4.823208,24,63.221337
36.87665,60,63.26713
48.361671,60,63.805423
52.45406,60,63.851977
30.434981,60,63.896964
24.391529,60,63.947719
55.406615,60,63.99758
55.955718,60,64.048643
36.062951,60,64.091599
53.213331,60,64.131999
45.96806,60,64.182409
38.735954,60,64.234409
49.355435,60,64.281746
54.264457,60,64.329511
35.874542,60,64.365923
54.592018,60,64.408545
48.673379,60,64.454467
54.082879,60,64.496337
41.142742,60,64.538435
51.768267,60,65.066715
56.425155,60,65.110923
43.147062,60,65.148799
54.752263,60,65.190336
49.556014,60,65.23687
52.148338,60,65.275078
50.918967,60,65.327261
38.212088,60,65.372626
39.513431,60,65.413327
53.38369,60,65.466162
55.79253,60,65.503403
28.793144,60,65.540019
46.394833,60,65.576876
49.169111,60,65.627304
51.969163,60,65.678596
40.399138,60,65.722417
54.174865,60,65.758397
54.975479,60,66.268509
44.384237,60,66.318376
54.341536,60,66.370036
47.269173,60,66.421845
41.361474,60,66.468352
36.6884,60,66.515199
47.069173,60,66.560166
55.95623,60,66.607033
45.894174,60,66.644717
53.659983,60,66.679666
51.79252,60,66.718082
19.583504,56,66.75961
15.721093,60,66.803862
45.080279,60,66.848752
52.297678,60,66.889144
49.500192,60,66.926023
49.863913,60,66.963044
42.558558,60,67.471417
57.099888,60,67.524461
41.102271,60,67.566783
33.193086,60,67.611032
30.8081,60,67.647214
44.102989,60,67.684859
52.452997,60,67.720369
56.432531,60,67.755387
48.4061,60,67.796104
51.575698,60,67.843103
51.425385,60,67.882439
54.598749,60,67.931592
51.190837,60,67.971343
55.951628,60,68.01582
55.988729,60,68.063321
54.332915,60,68.107554
39.489207,60,68.161242
53.171579,60,68.784935
55.071874,60,68.840364
49.154076,60,68.878124
50.641544,60,68.914735
42.141619,60,68.950192
52.79108,60,68.985808
48.459084,60,69.02175
51.402122,60,69.057289
30.648145,60,69.09364
43.535925,60,69.130361
45.017422,60,69.166802
44.878717,60,69.202416
47.756001,60,69.238649
20.937924,60,69.275386
32.86376,60,69.324916
51.500327,60,69.375401
26.054686,60,69.428833
51.18021,60,69.973462
29.855341,60,70.024287
44.003159,60,70.068806
49.903213,60,70.119855
22.86529,60,70.173327
52.383461,60,70.22119
36.376153,60,70.271556
13.326713,37,70.305522
49.309364,60,70.354423
52.922506,60,70.401281
38.90773,60,70.438713
54.591148,60,70.475434
52.528545,60,70.513312
56.194661,60,70.549143
50.936232,60,70.588789
51.118832,60,70.630385
27.839173,60,70.669624
55.834343,60,70.717548
51.609314,60,71.2378
55.855465,60,71.278783
52.263629,60,71.315785
54.773449,60,71.351463
56.549759,60,71.390064
15.652697,60,71.44298
46.683457,60,71.49406
24.55462,50,71.533441
56.525245,60,71.58592
42.594798,60,71.624564
43.591813,60,71.662561
44.01897,60,71.700198
54.946316,60,71.740462
55.439304,60,71.791501
52.285696,60,71.835265
49.339875,60,71.877
54.75158,60,71.923308
50.838126,60,72.45071
53.618967,60,72.500108
33.911889,56,72.535966
46.292215,60,72.577548
53.889715,60,72.628033
53.948887,60,72.663549
55.20412,60,72.712817
51.200726,60,72.758507
48.923356,60,72.807634
52.707996,60,72.858516
50.348403,60,72.905941
53.522156,60,72.946642
52.285344,60,72.982612
54.584078,60,73.029248
55.198278,60,73.078406
51.721063,60,73.127713
56.035432,60,73.176177
51.958696,60,73.737186
48.247521,60,73.784428
56.113525,60,73.821795
47.900017,60,73.865107
48.894257,60,73.903983
53.980604,60,73.943537
54.357737,60,73.98383
55.47561,60,74.023169
54.608435,60,74.062489
54.575554,60,74.104589
39.739157,60,74.157861
33.712784,60,74.210216
49.540025,60,74.264468
57.214369,60,74.313823
53.586376,60,74.36611
52.541195,60,74.420414
54.68673,60,74.467258
56.504447,60,75.043498
55.839908,60,75.090021
52.530551,60,75.132994
45.157357,60,75.175344
50.673568,60,75.212604
47.004033,60,75.263198
45.402301,60,75.314074
54.928319,60,75.358476
55.797126,60,75.403923
50.892199,60,75.45187
56.933497,60,75.502361
55.163683,60,75.550761
52.464873,60,75.601438
56.058583,60,75.654135
47.127422,60,75.705135
45.771792,60,75.754523
55.744603,60,75.809931
55.156349,60,76.390111
43.770782,60,76.438581
48.63293,60,76.484564
50.312945,60,76.536515
18.34135,60,76.583699
50.399739,60,76.629894
51.662322,60,76.679984
51.472795,60,76.732568
47.230945,60,76.778442
49.770422,60,76.828371
54.405463,60,76.879955
47.315517,60,76.926965
56.250352,60,76.978624
51.135594,60,77.026197
40.737355,60,77.080201
56.620808,60,77.130199
51.690163,60,77.176652
54.425723,60,77.71787
52.124628,60,77.758893
51.235118,60,77.801117
54.973909,60,77.856175
54.491285,60,77.897346
55.54791,60,77.942769
56.810946,60,77.987296
57.519738,60,78.034813
52.741922,60,78.086131
55.981267,60,78.138976
53.955625,60,78.191044
47.534024,60,78.239123
40.301054,60,78.2914
53.251057,60,78.339271
56.914619,60,78.381372
39.947325,60,78.432845
53.877979,60,78.48389
51.172893,60,79.036533
54.939613,60,79.085315
38.259304,60,79.135816
51.066268,60,79.185128
53.594575,60,79.228126
45.854359,60,79.276918
48.815658,60,79.329908
55.405694,60,79.377002
48.504721,60,79.421315
53.557918,60,79.471165
43.577577,60,79.51598
53.813804,60,79.569948
49.132127,60,79.619134
37.088641,60,79.669149
55.425951,60,79.720153
44.666443,60,79.770087
55.860718,60,79.820669
30.956757,60,80.406254
31.706263,56,80.443924
53.299027,60,80.493592
47.862471,60,80.543263
14.501794,60,80.587703
47.939139,60,80.635733
54.166636,60,80.682463
53.677558,60,80.734786
57.057098,60,80.784445
42.504467,60,80.828259
49.274467,60,80.876622
31.095889,60,80.916478
55.187084,60,80.970209
49.926668,60,81.021495
42.546524,60,81.0715
53.607587,60,81.123275
52.3367,60,81.17699
54.450854,60,81.711085
54.630765,60,81.758074
56.573,60,81.797782
51.269366,60,81.83906
50.389446,60,81.88628
27.106452,60,81.93108
33.817784,59,81.973309
56.023136,60,82.024232
50.227641,60,82.071055
56.403889,60,82.1202
55.175311,60,82.165026
51.27924,60,82.213131
52.740377,60,82.261693
56.178076,60,82.311533
56.420116,60,82.354948
50.655047,60,82.393986
51.182901,60,82.433232
49.161807,60,82.999787
54.822829,60,83.050261
35.697487,60,83.101582
38.8192,60,83.153139
51.808232,60,83.195956
55.487906,60,83.246676
57.696572,60,83.293163
40.715461,60,83.348007
52.227473,60,83.396452
56.995034,60,83.436196
40.695469,60,83.485536
53.783915,60,83.536063
54.609268,60,83.585812
53.28846,60,83.635289
50.964099,60,83.672731
48.602763,60,83.715561
55.681928,60,83.761846
51.793526,60,83.810233
54.973388,60,84.381397
48.23072,60,84.428972
54.176567,60,84.479996
46.653919,60,84.528446
56.973575,60,84.577773
51.260379,60,84.6226
55.787605,60,84.66525
53.787032,60,84.714044
55.292749,60,84.766026
49.047724,60,84.819968
56.69308,60,84.872894
56.49031,60,84.916375
56.401016,60,84.965761
28.160828,60,85.00835
50.663434,60,85.059973
53.152856,60,85.102755
56.264308,60,85.154625
55.814945,60,85.730014
56.285771,60,85.779774
47.569055,60,85.825265
54.013814,60,85.873744
33.782329,60,85.920718
54.617348,60,85.976688
44.032405,60,86.030203
42.238583,60,86.07802
53.486684,60,86.12688
54.026089,60,86.173839
35.513147,60,86.225906
52.565573,60,86.270175
46.993441,60,86.323696
51.438526,60,86.377091
52.352675,60,86.431943
56.656707,60,86.479766
40.402905,60,86.522491
30.620735,60,87.069988
57.769835,60,87.114225
50.914119,60,87.164531
57.08058,60,87.216377
57.34711,60,87.260169
55.999431,60,87.313238
56.858167,60,87.366863
54.812033,60,87.419813
56.683458,60,87.461705
55.737072,60,87.504555
41.518425,60,87.550979
56.021388,60,87.602267
55.703278,60,87.656314
57.299273,60,87.698604
56.394907,60,87.743017
57.30059,60,87.787
56.805198,60,87.837835
53.465824,60,88.400005
55.717221,60,88.450457
54.939757,60,88.508095
30.194095,60,88.559883
56.927012,60,88.608466
55.511836,60,88.664552
51.731657,60,88.715948
55.514634,60,88.767492
38.127926,60,88.818259
54.548556,60,88.872757
52.980367,60,88.926941
56.672836,60,88.976363
53.534697,60,89.031147
44.178881,60,89.07653
56.173123,60,89.128377
40.010538,60,89.178521
56.698329,60,89.224891
56.589512,60,89.830969
54.712514,60,89.888089
56.361582,60,89.93685
54.910799,60,89.985954
57.226493,60,90.034894
48.803991,60,90.085039
54.039762,60,90.134327
47.709371,60,90.185083
46.439524,60,90.228071
31.653349,60,90.276904
55.075215,60,90.329653
53.184552,60,90.372856
54.365012,60,90.416897
49.761088,60,90.467087
54.936779,60,90.520914
57.462495,60,90.56815
58.032588,60,90.628581
45.374399,60,91.239688
38.764198,60,91.287791
55.654239,60,91.337339
54.046307,60,91.387011
56.306394,60,91.430835
55.408571,60,91.479037
51.821859,60,91.526113
57.8716,60,91.57053
56.3607,60,91.617386
55.834704,60,91.66827
50.381232,60,91.718421
49.276169,60,91.770206
56.671306,60,91.821127
51.677761,60,91.874063
54.869948,60,91.92427
31.943366,60,91.976107
51.188055,60,92.028525
55.755602,60,92.551245
57.042305,60,92.603069
54.774486,60,92.649994
56.776675,60,92.695347
39.170064,60,92.742167
54.853394,60,92.785052
54.055218,60,92.830911
52.685917,60,92.881794
57.936688,60,92.926379
50.787283,60,92.978277
33.318822,60,93.028244
27.794211,60,93.079663
54.048554,60,93.130798
53.267732,60,93.17763
57.499286,60,93.221101
54.298092,60,93.266146
56.920386,60,93.320027
57.300322,60,93.87115
49.665234,60,93.924733
54.785338,60,93.973031
52.456073,60,94.022877
45.936164,60,94.074279
39.738576,60,94.1218
56.570061,60,94.168518
56.458161,60,94.219834
56.839892,60,94.268805
47.685699,60,94.314521
47.710528,60,94.364544
14.810084,36,94.389948
56.862834,60,94.437241
51.604777,60,94.487857
55.632936,60,94.531132
51.721634,60,94.574345
46.550214,60,94.620332
57.398999,60,95.208715
44.769697,60,95.257456
57.956171,60,95.2999
56.851575,60,95.352855
55.848493,60,95.404673
44.937233,60,95.449932
49.816636,60,95.498141
55.149511,60,95.549927
56.483778,60,95.600685
45.173474,60,95.653062
51.2502,60,95.706448
35.118902,60,95.753192
55.59497,60,95.80314
55.704994,60,95.853917
47.845834,60,95.906411
41.207822,60,95.952691
52.572549,60,95.990579
55.551723,60,96.031808
53.419412,60,96.456359
56.98955,60,96.494676
15.683482,56,96.529869
36.46223,60,96.565557
57.559993,60,96.603739
53.176654,60,96.642169
57.237205,60,96.683389
57.575085,60,96.726658
53.610955,60,96.763853
56.63157,60,96.800592
54.01613,60,96.841995
53.506527,60,96.877927
54.831193,60,96.914539
56.201393,60,96.949935
54.411091,60,96.987281
56.223166,60,97.024263
55.153171,60,97.062451
53.510158,60,97.475347
54.981845,60,97.513119
49.095757,60,97.551979
36.40862,60,97.587807
46.163763,60,97.624043
56.313729,60,97.66081
55.957063,60,97.699886
53.684301,60,97.735228
52.306216,60,97.770984
54.552125,60,97.807986
45.937607,60,97.84958
57.230242,60,97.885555
53.981487,60,97.919842
55.462655,60,97.95513
56.442789,60,97.993518
41.064749,60,98.029704
53.081154,60,98.07045
19.86451,43,98.519687
56.32939,60,98.559682
45.482483,60,98.597593
14.954223,56,98.635376
53.517038,60,98.679832
56.320988,60,98.728634
55.489195,60,98.779587
56.140379,60,98.826979
54.414477,60,98.882544
55.279985,60,98.934237
48.520073,60,98.98615
55.00177,60,99.05435
57.105264,60,99.114352
57.733495,60,99.166136
55.942415,60,99.217891
51.00322,60,99.260126
57.782967,60,99.309565
56.131459,60,99.859587
53.739735,60,99.908162
56.906426,60,99.953905
56.599467,60,100.00319
53.658496,60,100.049714
55.12782,60,100.093657
52.350013,60,100.139833
51.273576,60,100.19027
44.813261,60,100.241623
45.217384,60,100.29436
51.234326,60,100.344854
56.287809,60,100.401561
56.417858,60,100.451118
55.382872,60,100.503916
58.133664,60,100.555071
55.351723,60,100.605811
54.048984,60,100.654671
50.726062,60,101.206171
56.28231,60,101.261308
56.848745,60,101.31438
52.83465,60,101.366408
55.993426,60,101.420271
50.366277,60,101.469837
53.514444,60,101.522169
56.269615,60,101.576392
55.548886,60,101.621248
54.964088,60,101.667421
53.606657,60,101.7162
55.949235,60,101.765582
44.219499,60,101.816002
39.992303,60,101.866305
54.81296,60,101.911029
55.777508,60,101.953836
55.86979,60,101.997729
55.807451,60,102.541668
54.016983,60,102.59717
27.800114,60,102.650183
57.119951,60,102.700779
56.374725,60,102.750171
52.42538,60,102.798316
57.032112,60,102.856832
53.188376,60,102.9055
57.090579,60,102.958456
57.199325,60,103.008209
52.317222,60,103.056972
54.927786,60,103.109843
56.371181,60,103.158382
55.03884,60,103.208031
56.946998,60,103.252722
55.747195,60,103.302284
44.944024,60,103.356255
56.506749,60,103.928638
55.123339,60,103.978553
56.48515,60,104.029714
45.402775,60,104.078501
56.788103,60,104.122231
52.70188,60,104.172228
56.816742,60,104.224022
57.591927,60,104.27809
53.850088,60,104.33023
57.131916,60,104.379698
55.412479,60,104.427445
56.491315,60,104.47668
55.287506,60,104.527897
44.991568,60,104.579708
56.395821,60,104.62747
51.813332,60,104.681317
56.945778,60,104.734683
56.307107,60,105.34224
57.302765,60,105.387001
56.853655,60,105.431062
48.779542,60,105.48401
54.897965,60,105.534301
56.695046,60,105.584065
53.263273,60,105.629941
34.528887,60,105.671716
55.243183,60,105.721012
57.064605,60,105.770992
48.801717,60,105.816819
55.475153,60,105.861319
56.587194,60,105.90941
55.092417,60,105.96066
55.418152,60,106.015079
54.745955,60,106.060353
49.924821,60,106.109593
57.700008,60,106.696065
52.629399,60,106.741951
54.625683,60,106.785647
55.374132,60,106.829376
54.490054,60,106.88395
52.883677,60,106.92728
56.04449,60,106.966725
41.007905,60,107.005011
54.959094,60,107.052231
39.590449,60,107.094476
38.095243,60,107.133264
54.420079,60,107.172982
55.919309,60,107.233142
56.014696,60,107.304595
56.748495,60,107.349638
56.707571,60,107.413208
56.994905,60,107.455379
58.127097,60,107.498733
55.683386,60,107.966404
56.402271,60,108.014857
57.411132,60,108.064845
55.915572,60,108.107071
44.129408,60,108.157238
57.35882,60,108.211282
39.608432,60,108.246642
56.408104,60,108.299166
47.200436,60,108.353843
56.225507,60,108.399689
55.044886,60,108.436776
47.976001,60,108.47953
54.924658,60,108.519386
56.963909,60,108.574124
55.696603,60,108.611283
55.778302,60,108.652784
56.816595,60,108.688449
40.373925,60,109.175618
56.718691,60,109.22835
57.301488,60,109.275762
57.862838,60,109.311995
55.716468,60,109.353125
56.826834,60,109.404185
47.806414,60,109.455708
29.616898,60,109.50315
54.070378,60,109.547905
56.431005,60,109.600184
56.734133,60,109.634094
56.215623,60,109.673818
57.494253,60,109.723308
57.618573,60,109.767237
54.980383,60,109.801521
53.731561,60,109.837731
56.613965,60,109.874005
56.585573,60,110.333638
55.22303,60,110.385877
29.17174,60,110.434432
42.699633,60,110.4767
56.399074,60,110.516421
57.762391,60,110.556682
49.491402,60,110.604597
54.048473,60,110.654692
53.911587,60,110.693197
57.097852,60,110.737127
57.367124,60,110.775587
56.121211,60,110.81268
34.789129,60,110.849365
55.238502,60,110.891255
39.953555,60,110.928947
57.050495,60,110.973072
7.131358,34,110.995686
40.914524,60,111.505692
56.995711,60,111.559431
57.246087,60,111.605552
56.522329,60,111.648454
53.295825,60,111.688432
56.112568,60,111.72621
55.522118,60,111.760097
55.056949,60,111.801059
54.205869,60,111.844074
56.005769,60,111.886732
56.798113,60,111.927081
56.918872,60,111.967096
58.066343,60,112.006641
52.483564,60,112.048297
13.806428,58,112.102411
31.680822,56,112.139686
56.253041,60,112.17639
50.284787,60,112.648634
52.156197,60,112.689731
57.076972,60,112.729146
56.375086,60,112.769418
56.623941,60,112.8095
55.227656,60,112.844068
57.129066,60,112.879287
57.759713,60,112.921602
45.254134,60,112.961084
56.082387,60,113.003283
54.955316,60,113.044329
54.412905,60,113.082398
56.228123,60,113.133594
56.881617,60,113.182594
57.240517,60,113.235914
55.16408,60,113.275412
55.851766,60,113.318181
56.189919,60,113.791241
57.275186,60,113.831595
56.212736,60,113.877912
57.30364,60,113.917068
55.080555,60,113.958429
52.197308,60,113.997905
57.567227,60,114.036396
48.719111,60,114.086637
56.867192,60,114.132082
58.027372,60,114.169571
56.780203,60,114.208051
33.291559,60,114.242573
55.242528,60,114.279462
56.630777,60,114.319506
54.328171,60,114.359393
54.721371,60,114.407524
48.177488,60,114.459469
55.486369,60,114.960872
25.853205,60,115.013149
42.69816,60,115.064228
52.597628,60,115.118662
50.329053,60,115.16801
52.876892,60,115.217495
58.203209,60,115.271669
56.633973,60,115.326736
52.66077,60,115.372172
55.77546,60,115.420174
57.267365,60,115.456316
57.134468,60,115.491787
51.650503,60,115.53331
48.670979,60,115.576049
47.699285,60,115.613009
55.837592,60,115.65172
47.689521,60,115.698135
57.625512,60,115.751808
56.866371,60,116.344099
51.948917,60,116.390975
56.539026,60,116.442668
56.305948,60,116.488468
57.516838,60,116.527469
53.957406,60,116.575711
58.271279,60,116.627733
49.947514,60,116.680478
52.424701,60,116.721322
54.708605,60,116.763494
49.006969,60,116.799236
54.183575,60,116.85338
57.851906,60,116.896676
56.794088,60,116.939433
54.787833,60,116.984009
49.688158,60,117.036577
57.135944,60,117.086892
57.168649,60,117.54304
55.817987,60,117.585449
54.853054,60,117.622718
57.245303,60,117.670136
56.794803,60,117.710444
55.674852,60,117.756245
51.599505,60,117.794539
56.325136,60,117.837084
56.708396,60,117.884086
44.433547,60,117.938566
57.879854,60,117.99246
56.382984,60,118.036295
56.534205,60,118.074612
56.662707,60,118.119594
56.351752,60,118.156507
57.050973,60,118.191196
40.738843,60,118.228072
58.368275,60,118.756282
56.144188,60,118.791515
17.441491,60,118.842638
56.535201,60,118.887454
49.708898,60,118.941665
53.557217,60,118.99343
38.685786,60,119.042717
57.251367,60,119.080945
32.276426,60,119.129429
55.187414,60,119.169993
55.723774,60,119.214496
57.285491,60,119.261534
51.841447,60,119.31045
43.183425,60,119.365458
53.544191,60,119.416583
53.873565,60,119.468344
49.433005,60,119.520525
57.2693,60,119.986484
44.822167,60,120.029723
54.319041,60,120.069846
57.584381,60,120.120942
56.247871,60,120.166182
57.211494,60,120.200678
56.424864,60,120.248662
56.518636,60,120.294831
56.869903,60,120.34392
56.550198,60,120.388058
32.881461,58,120.430523
57.457992,60,120.475914
56.411082,60,120.513294
31.766464,60,120.563847
57.522456,60,120.610956
57.289698,60,120.652949
57.102615,60,120.694716
56.698169,60,121.213037
56.629712,60,121.250426
56.551089,60,121.298766
37.537825,60,121.344052
55.261057,60,121.387976
56.743045,60,121.433499
24.977784,52,121.478222
48.821489,60,121.527733
52.11489,60,121.570838
56.308907,60,121.606495
26.707338,47,121.637528
56.799016,60,121.673156
57.084049,60,121.719325
56.818095,60,121.765045
57.614189,60,121.805829
56.863536,60,121.854483
55.489919,60,121.900538
58.448821,60,122.460422
56.380049,60,122.506659
54.262712,60,122.558189
57.667407,60,122.607386
48.576181,60,122.652994
41.407315,60,122.700431
57.467891,60,122.73565
55.636555,60,122.770939
55.650599,60,122.811246
57.458243,60,122.848423
48.442224,60,122.883908
56.097599,60,122.920419
56.995791,60,122.961435
54.43206,60,123.006273
56.85426,60,123.044991
54.613789,60,123.080279
56.45055,60,123.117387
