#{"t_start": 1790473547.8903916, "env_id": "None"}
r,l,t
5.716086,36,0.010116
19.882934,51,0.01924
9.40158,60,0.030923
11.748694,52,0.038964
15.832763,60,0.05152
6.317893,56,0.063087
5.381955,35,0.070155
4.413198,30,0.075675
10.241368,37,0.082729
20.866884,56,0.092831
18.820738,60,0.103857
12.928375,60,0.115047
15.493299,60,0.12612
8.197089,34,0.132155
16.871456,60,0.14473
25.325628,60,0.160332
14.22467,54,0.170901
25.091962,60,0.183439
13.77897,60,0.196023
9.247934,58,0.206572
26.444839,60,0.218127
13.760085,60,0.231155
12.776326,60,0.243698
11.563458,48,0.252231
9.223351,48,0.261776
16.993256,60,0.272413
13.490987,54,0.282766
10.007302,40,0.289293
20.12715,60,0.302355
19.56634,60,0.314905
11.992621,45,0.322507
6.53156,46,0.331571
20.772581,60,0.343665
14.048924,55,0.353741
11.239181,60,0.365311
23.347908,60,0.376865
13.0379,55,0.388467
13.71952,60,0.400531
23.273215,60,0.412649
3.358776,29,0.419211
14.035512,58,0.430853
13.216573,60,0.440935
12.80416,55,0.452594
20.945684,60,0.465357
7.477551,44,0.472884
9.239112,48,0.482948
11.134259,60,0.495035
8.792971,44,0.504586
12.896433,60,0.516186
18.123049,60,0.528329
16.535359,60,0.538876
12.152525,60,0.552434
26.645006,60,0.565528
16.498479,60,0.576128
33.143088,60,0.594706
15.032183,56,0.604775
17.949975,60,0.616415
27.245146,60,0.627484
8.694175,44,0.63651
5.884584,55,0.647568
15.938255,58,0.659996
19.161341,60,0.671034
10.380311,60,0.685126
16.516762,60,0.696182
13.0692,60,0.706216
5.015201,31,0.71424
20.416668,60,0.726809
7.515894,41,0.734843
11.556358,51,0.744948
4.473374,29,0.749954
6.537431,36,0.757532
17.956258,60,0.769102
12.520206,48,0.779197
5.922421,36,0.785735
7.564732,33,0.793294
11.972623,51,0.803172
26.904028,60,0.815869
9.367464,54,0.825972
19.753373,60,0.838513
5.874223,34,0.844553
13.231166,60,0.857662
14.817517,60,0.869745
14.341838,48,0.881297
4.102351,36,0.888325
5.988521,48,0.89837
13.783593,44,0.907909
16.985664,60,0.920476
21.00646,60,0.933533
21.116628,60,0.945103
11.491321,60,0.956163
19.603291,60,0.970333
28.925705,60,0.981945
12.37443,55,0.992483
8.990308,49,1.002518
2.950833,28,1.013111
6.686028,32,1.030201
4.911245,33,1.055925
8.172563,42,1.081576
8.752641,57,1.116266
14.364275,53,1.145889
23.599023,60,1.180576
16.694408,60,1.216404
15.996924,57,1.24925
9.775098,36,1.268367
12.330896,53,1.299537
15.162359,60,1.334824
21.597627,60,1.369047
19.67055,60,1.403213
12.546633,60,1.439898
16.348833,60,1.47681
13.771324,60,1.518502
4.446139,48,1.548325
19.135557,60,1.582075
11.21485,60,1.622798
10.610192,49,1.654556
28.742144,60,1.68978
10.081979,49,1.717977
15.042923,56,1.751598
10.17979,48,1.78374
30.885044,60,1.818973
15.833353,52,1.848663
10.419483,45,1.87981
16.339008,60,1.913977
6.750563,58,1.950498
9.324664,47,1.975684
9.808152,38,1.999275
12.979419,60,2.036199
6.801279,38,2.058334
18.387498,60,2.093501
15.294135,55,2.1279
9.78552,60,2.164191
5.998466,44,2.191406
20.960272,60,2.227106
9.002715,60,2.264537
14.686529,54,2.296926
20.274222,60,2.334619
16.090422,60,2.369821
24.495339,60,2.403485
5.654778,56,2.439162
22.223296,60,2.472938
10.005243,41,2.498461
7.046354,44,2.526062
9.725723,49,2.553642
24.036024,60,2.587377
13.173378,60,2.628181
5.746953,50,2.65993
20.029543,60,2.695131
13.458496,55,2.724786
12.953597,60,2.761452
9.094399,33,2.78056
19.276282,60,2.815899
22.098707,60,2.852306
10.274631,48,2.880975
9.56266,60,2.922192
25.604843,60,2.957423
15.335718,59,2.994696
15.413546,60,3.02937
12.83707,42,3.053003
7.501462,29,3.070179
12.838095,38,3.093803
20.082338,60,3.126774
27.484527,60,3.16011
23.226855,60,3.197202
14.483652,48,3.227082
10.498223,46,3.251403
17.363424,56,3.28783
22.230946,60,3.327209
15.760427,49,3.358409
22.778206,60,3.39319
15.704363,60,3.430327
15.488765,53,3.463061
19.647341,60,3.499778
9.204833,58,3.536772
15.320236,60,3.572875
18.967342,60,3.613232
16.310952,50,3.64641
9.176907,44,3.673399
41.380703,60,3.712732
16.577036,60,3.752623
10.589465,53,3.784602
27.113836,60,3.822592
17.792593,60,3.863198
23.869865,60,3.903525
16.676217,60,3.940339
24.439496,60,3.978491
16.869537,60,4.013532
22.79651,60,4.050165
16.856823,44,4.076969
31.788589,60,4.112955
43.270112,60,4.148919
27.807619,60,4.185671
21.531903,60,4.221754
17.648795,60,4.260355
15.774406,51,4.291043
37.49884,60,4.326134
14.525425,60,4.364326
26.522878,60,4.401863
14.686652,58,4.438144
6.968183,60,4.472442
1.587118,26,4.488768
26.713194,60,4.530509
5.555839,34,4.550637
24.311297,60,4.59181
33.010145,60,4.633059
18.204745,49,4.662898
17.758472,60,4.704894
42.415874,60,4.742301
25.107264,60,4.785123
21.986026,60,4.84168
11.904234,39,4.87324
14.327051,58,4.921123
26.763281,60,4.966819
23.815812,60,5.011655
21.379955,60,5.05047
23.720577,60,5.08991
6.204823,32,5.112297
22.634897,60,5.149285
9.094575,49,5.178039
18.567096,60,5.217008
20.188217,53,5.255959
18.27787,60,5.294464
29.085718,60,5.344927
18.626241,60,5.38972
26.462645,60,5.436087
7.961527,34,5.45942
12.557738,44,5.491435
17.550317,48,5.523472
31.987702,60,5.569628
22.283111,58,5.603232
31.225926,60,5.64227
11.631328,60,5.678974
11.912455,37,5.70575
33.716525,60,5.741412
7.632735,31,5.760534
14.759218,60,5.801814
13.592352,60,5.841771
20.910096,60,5.880851
23.881245,60,5.934542
21.854224,60,5.9768
18.721829,60,6.01606
28.59979,60,6.056728
27.537819,60,6.096065
6.551071,32,6.11573
11.612014,60,6.154597
27.33964,60,6.193261
19.141812,60,6.238101
28.156633,60,6.2776
6.201202,28,6.295739
9.287081,39,6.320348
21.195292,60,6.356569
20.109987,60,6.393521
13.486725,52,6.427692
11.946227,43,6.457113
20.866412,60,6.495776
3.943581,29,6.515406
21.654663,60,6.553131
13.233106,55,6.586817
10.849288,39,6.610069
12.878344,60,6.650357
35.080703,60,6.695653
33.840835,60,6.754647
30.797834,60,6.803666
26.194951,60,6.845705
10.48301,41,6.873661
25.036622,60,6.914886
15.032619,60,6.955699
16.745645,60,7.00004
23.104993,60,7.03978
10.110653,60,7.080709
19.859313,60,7.117777
20.263008,60,7.15759
24.350893,55,7.190381
38.683324,60,7.22642
24.111935,55,7.264967
29.843009,60,7.303373
8.831478,42,7.331544
19.271993,60,7.37064
46.034495,60,7.405761
13.85258,47,7.438206
18.158184,60,7.476259
30.440641,60,7.512897
15.803008,60,7.55102
10.795809,44,7.57723
18.685802,60,7.615052
34.303367,60,7.660449
3.128943,22,7.675217
7.262503,31,7.695832
26.73783,60,7.739206
26.572248,60,7.776657
31.720713,60,7.817189
36.667166,60,7.862562
24.95502,60,7.902873
34.927815,60,7.940272
15.634243,46,7.975905
7.653796,44,8.004257
22.257308,60,8.043649
26.362699,60,8.088022
30.940425,60,8.129484
20.166264,60,8.172336
33.38683,60,8.220647
17.110281,52,8.258005
32.518034,60,8.302946
18.273153,60,8.345714
28.312029,60,8.38665
12.693807,45,8.419282
16.160532,58,8.459446
13.65393,60,8.501328
6.973772,56,8.5401
34.931621,60,8.580019
30.66379,60,8.619269
19.825364,60,8.658548
35.565564,60,8.695859
18.675951,60,8.735136
7.963676,56,8.770571
23.557984,60,8.809747
35.943117,60,8.846202
21.770764,60,8.884611
23.590247,60,8.922355
28.420672,60,8.960191
21.761644,60,9.009609
23.746248,60,9.050331
22.936721,60,9.096938
22.73878,60,9.139313
20.116822,44,9.170507
26.658449,60,9.221243
7.407018,55,9.260895
29.343609,60,9.304672
13.691991,60,9.349149
14.191128,60,9.389939
23.511242,60,9.433723
19.661819,60,9.475105
24.041849,60,9.518673
32.673736,60,9.560641
27.305367,60,9.604477
22.376438,60,9.658261
10.385224,42,9.687962
19.469689,60,9.742554
20.78048,60,9.790807
19.939764,60,9.844755
6.197833,45,9.886545
11.803738,60,9.939297
8.858564,60,9.985877
21.215554,60,10.038003
21.465204,60,10.081806
6.700721,43,10.11226
28.767079,60,10.167662
9.240935,39,10.201048
25.964005,60,10.261927
18.960273,60,10.320116
39.976757,60,10.368691
26.406796,60,10.422028
17.234918,58,10.476238
34.137533,60,10.533791
20.118357,57,10.581818
16.553723,60,10.636703
24.935226,60,10.697479
33.646339,60,10.751899
29.768212,60,10.805883
7.569732,41,10.841829
5.681337,28,10.867045
8.588706,49,10.914841
27.152683,60,10.972379
10.067824,34,11.006606
11.240702,60,11.064475
12.282586,38,11.098798
20.495644,60,11.156815
10.079032,39,11.193536
13.975252,50,11.23851
20.029997,60,11.301407
41.681876,60,11.360533
14.177882,56,11.414871
29.577403,60,11.469889
24.902356,59,11.530731
35.784762,60,11.580406
24.528745,60,11.630806
17.91576,60,11.67872
30.913306,60,11.729565
32.075197,60,11.770922
33.610518,60,11.828757
7.539927,42,11.870651
14.318185,55,11.915849
14.266707,60,11.971324
20.808891,60,12.021905
14.000766,60,12.075986
32.433525,60,12.125279
24.149148,60,12.17318
23.981251,60,12.232325
21.90368,60,12.290193
24.576453,60,12.350566
0.630105,24,12.370217
47.925311,60,12.420226
30.640357,60,12.478159
13.094347,60,12.528846
14.17976,60,12.578517
19.173325,60,12.636915
16.299913,60,12.690568
33.663097,60,12.747241
27.905494,60,12.805037
15.143206,44,12.842683
26.553936,60,12.900515
20.162307,60,12.950795
16.522757,60,13.002828
25.032979,60,13.054343
16.835661,56,13.108932
20.098256,60,13.168885
16.552214,60,13.227769
5.956032,45,13.275335
4.497321,52,13.320646
20.908557,60,13.370373
5.158965,29,13.400307
8.821193,59,13.455188
22.479655,53,13.504116
27.473636,60,13.558492
14.549535,48,13.603559
10.251551,29,13.632714
15.759239,60,13.692351
10.708921,47,13.738206
23.197906,60,13.79787
15.102277,54,13.844657
27.045144,60,13.896982
31.107417,60,13.952399
17.936937,52,14.001198
15.964243,45,14.044453
24.850215,60,14.099478
16.506247,53,14.153624
8.501609,44,14.195753
30.342068,60,14.253117
9.93422,50,14.303766
18.685954,55,14.353291
34.195419,60,14.402067
26.55538,60,14.457442
13.190664,57,14.524856
19.244093,53,14.601635
18.619915,60,14.665281
20.742278,60,14.747086
5.685683,28,14.778878
22.50298,59,14.865946
23.587953,60,14.917239
24.613989,60,14.979011
21.901609,60,15.042441
11.052862,34,15.072438
19.471762,56,15.12612
20.334518,52,15.177499
11.03114,43,15.217934
15.594858,60,15.26291
36.833747,60,15.314486
33.328112,60,15.375849
30.856049,60,15.430628
22.93278,60,15.491061
15.738924,47,15.537311
12.04484,60,15.598988
25.89764,60,15.654447
21.798965,60,15.702474
10.788637,33,15.734757
5.546056,26,15.761121
12.792686,47,15.803372
22.776828,60,15.856421
20.500103,51,15.904432
8.560053,40,15.938318
15.353278,47,15.979017
8.340432,32,16.01321
18.074704,58,16.073174
19.57439,60,16.1324
26.85072,60,16.187173
26.22553,60,16.242859
29.391251,60,16.294606
10.98948,60,16.341778
23.140578,60,16.387511
10.680185,41,16.416795
36.81396,60,16.459244
7.431415,32,16.49353
44.784533,60,16.544748
24.828561,60,16.594747
20.294037,60,16.636639
20.670539,60,16.679829
29.010222,60,16.732922
33.28936,60,16.781855
28.017204,60,16.830135
13.670587,60,16.880789
26.568271,60,16.924393
47.565076,60,16.976718
5.527451,27,16.997636
15.405766,60,17.050645
14.635887,53,17.102269
10.206873,46,17.145881
32.257137,60,17.194755
18.635503,60,17.248069
25.785842,60,17.299501
16.341006,60,17.353448
14.662702,41,17.384608
29.888455,60,17.427912
14.089129,60,17.481714
16.552235,60,17.52656
16.335045,60,17.575019
18.573582,51,17.614345
15.130196,50,17.663027
8.087545,54,17.711549
23.804099,60,17.768197
19.250941,60,17.830035
10.226002,30,17.856004
11.314042,47,17.899525
13.80355,58,17.953093
19.390372,60,17.998151
13.098014,44,18.033056
37.255583,60,18.095009
28.781486,60,18.135814
19.835985,60,18.198034
16.40446,60,18.249679
31.48951,60,18.297319
23.964201,60,18.342198
15.921807,57,18.386708
34.417208,60,18.439019
5.587934,53,18.489035
34.64353,60,18.55027
9.438607,34,18.583671
47.109596,60,18.643383
20.141492,60,18.691295
57.378084,60,18.741791
44.465294,60,18.799122
24.919948,60,18.855524
37.040067,60,18.910575
13.282813,60,18.960252
23.152065,60,19.011417
11.922523,60,19.057097
18.077123,60,19.113564
24.141937,60,19.169723
24.583421,60,19.21902
5.987387,32,19.248163
22.163868,60,19.301438
7.657668,40,19.338702
4.9907,37,19.370923
41.29176,60,19.422691
5.19067,34,19.446111
57.157027,60,19.488999
14.323824,60,19.545933
21.12648,60,19.603763
27.256598,60,19.660414
47.078641,60,19.713608
16.617058,45,19.752781
5.008275,26,19.77362
13.151484,38,19.806206
19.465607,60,19.848513
21.567453,58,19.892272
8.295922,34,19.916837
46.989616,60,19.973129
12.876863,60,20.028522
29.33671,60,20.087185
26.267909,60,20.142237
7.588192,44,20.180981
31.199832,60,20.231406
11.134768,43,20.265815
7.450408,38,20.306334
31.615976,60,20.361771
14.253465,60,20.415026
20.720443,60,20.466464
8.781671,49,20.515691
22.673467,60,20.567477
17.814389,60,20.622685
31.473427,60,20.66502
7.883989,34,20.701285
4.938741,36,20.739879
20.503544,60,20.782997
28.513821,60,20.835525
47.464432,60,20.881444
21.793022,60,20.933063
7.832468,40,20.960632
13.411428,60,21.01079
11.374242,60,21.060561
18.598747,60,21.115144
25.023651,56,21.156984
16.088121,57,21.215622
19.823508,58,21.256439
14.667068,60,21.305419
50.020998,60,21.361794
10.029008,43,21.40295
16.143885,45,21.433023
16.29576,46,21.470637
11.597503,47,21.515458
18.235683,57,21.562506
18.101735,49,21.599765
18.931908,60,21.645722
37.071568,60,21.705896
21.920987,60,21.750527
20.115117,60,21.798637
27.961905,60,21.858157
19.129464,60,21.911174
25.394969,60,21.959044
28.685003,60,22.009649
42.101466,60,22.071574
4.128307,28,22.097572
41.048767,60,22.149149
51.616396,60,22.205791
18.441999,44,22.247786
16.04384,55,22.305837
12.283703,60,22.366442
17.952912,60,22.429672
29.41005,60,22.488765
20.774688,60,22.544221
31.006461,60,22.597319
33.524665,60,22.648588
33.185156,60,22.712154
20.935078,60,22.770478
18.331498,60,22.822308
22.281477,60,22.881557
14.223484,58,22.932837
28.868544,60,22.99666
50.997649,60,23.050191
17.883103,58,23.098604
6.351723,55,23.151083
21.691686,46,23.186932
7.299723,33,23.220471
15.664369,60,23.271055
9.09889,35,23.300429
28.309091,60,23.352946
19.246436,52,23.398189
21.45086,57,23.445517
12.206968,60,23.503255
27.076457,60,23.562793
14.448636,38,23.603272
28.661179,60,23.658032
27.422979,60,23.715273
29.67704,60,23.776048
19.19162,60,23.839004
11.055837,48,23.87501
13.949833,48,23.911245
5.766676,28,23.936274
12.227557,60,23.993374
18.378218,60,24.056476
54.52331,60,24.111242
15.39199,57,24.161425
29.847607,60,24.208398
27.081588,60,24.263476
27.449284,60,24.324618
19.693694,60,24.393176
23.061967,60,24.455375
13.316198,52,24.509336
4.653181,36,24.550686
18.795597,60,24.614984
23.02934,54,24.672283
29.015582,60,24.72536
10.298888,42,24.765351
36.878475,60,24.824218
14.588987,53,24.871403
30.748566,60,24.92193
24.6399,60,24.97437
21.627093,58,25.029137
50.611253,60,25.084321
29.494697,60,25.139334
44.148746,60,25.189073
8.128169,52,25.237033
43.584582,60,25.291651
46.461199,60,25.333898
23.516975,60,25.382584
35.875911,60,25.428059
17.50021,60,25.470274
15.123786,59,25.520209
51.917669,60,25.5654
29.815476,60,25.614118
36.590441,60,25.663167
33.923529,60,25.710046
14.766431,53,25.758439
9.039419,41,25.792174
34.409841,60,25.84576
30.213503,60,25.899272
23.417955,60,25.953106
15.383283,60,26.020157
15.780568,60,26.076692
14.919657,55,26.119731
31.026503,60,26.168324
22.393041,60,26.218195
29.427376,60,26.27084
11.243,49,26.30625
29.700201,60,26.349579
9.383194,57,26.398336
33.391044,60,26.448223
33.252762,60,26.49916
29.914729,60,26.552982
14.641248,60,26.607432
16.637548,60,26.660519
16.558909,52,26.709713
11.041173,60,26.754292
11.691048,55,26.804743
15.398219,60,26.849912
21.020907,49,26.888848
32.148626,60,26.938124
21.339403,60,26.980474
8.596658,56,27.030983
17.448511,55,27.08248
16.883905,60,27.14149
8.220504,39,27.191551
4.777822,35,27.227318
17.521043,60,27.28876
31.340435,60,27.340647
28.449878,60,27.399157
20.681498,49,27.452228
26.255769,60,27.515654
24.135795,60,27.579087
28.685795,60,27.639099
31.348046,60,27.699182
32.691096,60,27.758001
28.005156,60,27.814203
7.325158,37,27.850374
30.513876,60,27.908244
10.104045,41,27.944255
14.890265,43,27.991654
38.845538,60,28.043009
33.994445,60,28.102499
14.438342,49,28.143129
7.177387,36,28.173127
36.450904,60,28.224168
15.185702,59,28.271954
48.025344,60,28.319366
22.064143,60,28.379901
9.499681,36,28.418411
30.504362,60,28.472646
10.778448,35,28.504072
21.546424,60,28.565506
20.005339,60,28.623321
42.430378,60,28.682597
39.896016,60,28.737174
28.243017,60,28.786168
22.543561,60,28.843318
47.196663,60,28.899707
29.832555,60,28.954336
24.83292,60,29.018622
43.88859,60,29.066773
47.373869,60,29.121585
29.837398,60,29.163278
42.257001,60,29.211818
46.00458,60,29.257607
11.182138,60,29.306474
18.24722,60,29.363131
33.176944,60,29.423833
40.287626,60,29.477938
35.2762,60,29.539035
35.952639,60,29.601425
34.260114,60,29.655343
15.826943,53,29.69573
23.19257,60,29.753304
37.695817,60,29.80069
37.502208,60,29.854111
16.548324,60,29.912877
27.706854,60,29.964097
20.430468,60,30.028955
39.818003,60,30.082503
32.514762,60,30.125295
15.266728,60,30.185757
28.422016,60,30.235612
5.507224,39,30.269737
39.926918,60,30.328723
6.154677,28,30.349557
43.117603,60,30.404325
28.782437,60,30.461583
12.049539,57,30.515199
34.381885,60,30.565549
41.65255,60,30.621135
32.897606,60,30.675587
41.104924,60,30.730288
26.771155,60,30.786696
26.161734,60,30.852022
30.638767,60,30.899975
19.453485,60,30.957115
18.776958,60,31.014951
37.726013,60,31.063466
34.897174,60,31.118335
30.423331,60,31.171881
38.952398,60,31.218187
32.218754,60,31.258869
11.947977,46,31.293074
13.018196,57,31.335848
8.261632,41,31.378796
47.782794,60,31.448137
30.352917,60,31.507488
41.135007,60,31.559688
32.099259,60,31.616999
32.142059,60,31.672837
40.388191,60,31.734064
45.21375,60,31.777384
17.52198,60,31.831455
20.007661,60,31.879468
50.885743,60,31.931945
28.575245,60,31.994183
21.427965,60,32.047366
23.591897,60,32.099989
22.881708,60,32.154415
22.557851,60,32.20312
16.513457,59,32.254148
18.957194,60,32.300524
35.924237,60,32.357839
17.967501,60,32.418734
45.571933,60,32.486115
23.944529,60,32.548895
16.88368,60,32.609169
42.237165,60,32.672523
44.481014,60,32.745181
17.438814,54,32.815171
36.748295,60,32.884502
26.533093,60,32.944752
30.398659,60,32.997607
46.269992,60,33.060473
12.485785,54,33.113313
58.451904,60,33.175609
29.90742,60,33.234987
29.449674,60,33.279837
15.306088,48,33.324065
18.424097,49,33.363394
32.893757,60,33.413113
32.549813,60,33.462953
24.754664,60,33.510621
25.479314,60,33.56746
40.081816,60,33.632587
24.057086,60,33.702588
26.742764,60,33.789644
22.279254,55,33.853997
24.4483,60,33.922446
25.502282,60,33.990152
47.225828,60,34.054083
47.511149,60,34.112798
20.660963,60,34.170579
15.962897,48,34.215333
27.791843,60,34.26719
40.688271,60,34.327577
22.325402,60,34.382411
33.061711,60,34.439858
48.138095,60,34.500639
38.064308,60,34.564658
32.721259,60,34.629653
22.314127,60,34.692129
25.070985,60,34.761029
22.97334,60,34.821185
21.565334,60,34.872453
24.247234,60,34.936811
26.973041,60,34.989526
25.876125,60,35.050427
34.373147,60,35.124377
30.575988,60,35.194326
24.953237,60,35.258219
18.42434,60,35.314515
48.481726,60,35.378386
38.602559,60,35.443375
21.56966,60,35.503271
26.7775,60,35.556956
22.704768,60,35.610786
13.300537,48,35.649415
23.895528,55,35.701778
45.829223,60,35.763056
8.395694,55,35.822838
18.415949,60,35.879279
29.739137,60,35.928091
38.011969,60,36.019757
17.473707,51,36.075836
44.048016,60,36.123009
18.449034,60,36.176312
9.155347,47,36.217014
21.966482,60,36.266887
15.244132,49,36.304598
33.943126,60,36.347807
45.687936,60,36.398163
27.908001,60,36.444313
48.663454,60,36.503333
12.42222,54,36.554124
25.169215,60,36.611026
24.868723,48,36.651945
30.78968,60,36.704225
15.7393,43,36.746722
8.59378,43,36.779459
29.413524,60,36.828749
24.405129,60,36.877614
45.979487,60,36.928022
48.08725,60,36.972076
29.30576,60,37.024062
40.350399,60,37.07683
24.561338,60,37.129803
36.47386,60,37.182129
30.194533,60,37.23738
32.476864,60,37.289318
35.216253,60,37.335243
10.266356,47,37.376022
46.231587,60,37.424322
40.677943,60,37.469519
37.544727,60,37.516418
34.26137,60,37.56321
42.174433,60,37.60803
22.668122,60,37.65143
19.385746,57,37.694202
18.782296,60,37.742857
35.414202,60,37.790319
42.400021,60,37.838743
36.798312,60,37.890751
31.221486,60,37.966881
31.369093,60,38.043978
39.977732,60,38.111581
42.50202,60,38.179438
27.504966,60,38.256612
10.261026,42,38.308945
14.039645,60,38.391573
19.722462,60,38.476307
42.218179,60,38.560796
44.889069,60,38.635663
27.331026,60,38.70685
25.865263,60,38.763883
17.110891,60,38.831141
46.715362,60,38.897651
35.921372,60,38.953129
42.152099,60,39.015903
38.147686,60,39.074085
27.605215,60,39.12621
25.548176,60,39.176474
9.144797,41,39.212828
28.341907,60,39.264299
17.033749,51,39.304637
25.434754,60,39.35878
35.13566,60,39.423212
17.627264,52,39.467898
20.12112,60,39.512198
22.687834,52,39.557423
24.351814,57,39.610815
31.944521,60,39.658015
28.636742,60,39.70558
33.316721,60,39.758307
50.327977,60,39.81244
49.172975,60,39.872141
35.174914,60,39.926329
11.491269,48,39.974023
24.331674,60,40.031896
12.669951,44,40.069561
16.024326,60,40.116248
19.658013,60,40.166903
43.05672,60,40.219265
26.061505,60,40.277094
45.793755,60,40.328805
40.6166,60,40.386033
43.812782,60,40.435699
23.024464,60,40.488329
10.495292,60,40.534931
23.628209,60,40.579341
24.680525,60,40.627281
27.837075,60,40.682667
18.199926,55,40.730384
46.997042,60,40.777649
36.330342,60,40.834986
11.604918,60,40.890779
35.479495,60,40.94199
21.899838,60,40.984113
15.121869,60,41.033288
24.63299,60,41.088332
15.786491,49,41.139425
17.548846,60,41.186508
12.832279,60,41.234125
8.493058,54,41.281149
13.566273,60,41.34132
30.299467,60,41.402151
14.42041,58,41.461651
48.854726,60,41.518496
25.723907,60,41.561749
16.241318,60,41.618078
23.896946,60,41.670487
23.116764,49,41.714491
40.462207,60,41.771923
27.262132,60,41.819328
32.466276,60,41.872139
38.628034,60,41.92949
35.934347,60,41.977213
25.900474,60,42.029954
23.16186,59,42.08171
27.504729,60,42.129422
37.730011,60,42.190104
17.296149,60,42.237445
26.022907,60,42.29957
33.575952,60,42.362874
30.810378,60,42.427666
22.728849,60,42.480433
21.342249,60,42.540802
25.741023,57,42.589036
27.724593,60,42.643795
33.810191,60,42.691085
26.600088,51,42.734193
23.794976,60,42.777916
15.066157,42,42.816601
44.603251,60,42.871704
24.186132,60,42.912995
21.058854,60,42.968084
33.595372,60,43.018211
27.763454,60,43.070433
26.791996,60,43.127411
45.123092,60,43.175151
33.352117,60,43.225386
30.4382,60,43.272059
26.352205,60,43.329781
25.13519,60,43.373938
30.261114,60,43.42449
24.067495,60,43.47993
35.347008,60,43.528401
20.590793,60,43.573214
15.068611,48,43.613028
26.249994,60,43.66681
8.500014,45,43.708522
10.344744,53,43.758836
31.179652,60,43.803097
12.577227,47,43.843283
38.911584,60,43.898618
21.126897,49,43.943837
35.670391,60,44.000519
37.689761,60,44.053116
34.170541,60,44.102221
33.670641,60,44.157935
34.93619,60,44.210266
38.252814,60,44.261899
54.786379,60,44.315139
14.861973,60,44.365474
34.248559,60,44.425777
38.17507,60,44.476106
45.744169,60,44.527392
35.740279,60,44.589049
32.418286,60,44.648381
27.650636,60,44.701316
44.566831,60,44.750067
41.456153,60,44.813791
26.246932,60,44.874096
28.361494,60,44.922842
42.114855,60,44.968075
29.726254,60,45.023868
29.89729,60,45.071148
38.003823,60,45.133927
38.530838,60,45.188205
40.907546,60,45.247638
45.499087,60,45.309363
32.695719,60,45.358028
31.532977,60,45.414653
38.198741,60,45.455775
30.538309,60,45.509416
19.350389,60,45.563183
26.821306,60,45.625911
33.307901,60,45.685251
24.171923,57,45.741021
33.387164,60,45.800803
40.806199,60,45.846057
36.02197,60,45.896716
47.596236,60,45.956884
40.811156,60,46.00458
25.558484,60,46.050756
15.04526,49,46.094922
38.951279,60,46.142129
30.961608,60,46.188806
20.246025,58,46.245215
31.377435,60,46.295753
18.323621,60,46.344509
20.657853,59,46.390279
19.275843,51,46.444635
35.768359,60,46.49851
21.453536,60,46.545184
25.058751,60,46.604412
20.074754,60,46.655829
32.117387,60,46.703963
32.187645,60,46.767193
17.364136,59,46.812621
20.917308,60,46.859409
46.279318,60,46.901166
37.391016,60,46.959508
44.539581,60,47.007262
17.670427,50,47.042424
10.96739,60,47.095183
44.725466,60,47.143943
40.033062,60,47.195329
23.466099,60,47.246964
31.221815,60,47.306115
36.197716,60,47.350201
29.7521,60,47.400927
29.474692,60,47.463133
8.125604,50,47.511301
41.000996,60,47.586018
32.179642,60,47.651808
43.427733,60,47.71381
33.882251,60,47.826571
17.810402,54,47.883036
32.071489,60,47.94829
32.986019,60,48.057077
26.808287,60,48.132898
17.991768,51,48.184647
31.277915,60,48.259377
43.652228,60,48.360396
38.764344,60,48.47963
32.330964,60,48.566218
20.844608,60,48.657239
32.860239,60,48.792685
21.130529,60,48.969804
35.880078,60,49.146766
18.983777,44,49.225269
17.430898,60,49.316632
18.162365,60,49.415202
17.378027,60,49.531288
25.911033,60,49.615686
52.797993,60,49.712706
47.344775,60,49.806782
40.790247,60,49.891824
23.050829,60,49.962785
50.148419,60,50.049143
39.483693,60,50.128958
11.676344,50,50.185272
8.619734,40,50.232083
13.034553,60,50.330039
30.244237,60,50.41401
30.601779,60,50.481857
10.934056,56,50.55733
34.031061,60,50.635139
54.626764,60,50.701961
38.657741,60,50.768375
47.316866,60,50.82468
25.886671,60,50.889666
29.75326,60,50.946549
18.000085,60,51.01389
11.364811,57,51.075737
20.12519,60,51.138663
29.87649,60,51.205718
23.412767,54,51.257517
37.741258,60,51.323321
29.348165,60,51.388105
26.124346,57,51.455427
41.115066,60,51.539302
29.242211,60,51.615814
12.486235,43,51.676232
16.96137,60,51.758799
28.419028,60,51.838889
31.483311,60,51.917737
16.186614,54,51.974614
31.731429,60,52.044589
27.73044,60,52.10148
33.725078,60,52.167318
39.214484,60,52.229051
47.332735,60,52.302549
36.379641,60,52.367464
38.977621,60,52.42957
38.267049,60,52.492481
21.598167,60,52.550898
29.87955,60,52.613847
36.107391,60,52.673661
34.200018,60,52.73049
31.109812,60,52.789871
32.096522,60,52.849743
40.593043,60,52.909313
35.366637,60,52.965942
29.861531,60,53.020687
28.210623,60,53.083703
37.091145,60,53.160177
38.586685,60,53.247376
38.377857,60,53.321203
36.295153,60,53.376978
26.739972,60,53.436679
47.03711,60,53.497331
24.736343,51,53.548087
30.007838,60,53.609448
26.722869,60,53.662642
30.665303,60,53.721059
30.935864,60,53.777788
40.653593,60,53.850923
42.058235,60,53.915635
22.087621,60,53.9745
10.718063,38,54.01021
39.495192,60,54.065572
44.619403,60,54.135942
25.799094,60,54.192827
33.39986,60,54.25723
35.700269,60,54.316514
47.401076,60,54.368203
34.510915,60,54.425627
16.760216,60,54.487983
19.924116,50,54.540188
44.966325,60,54.595497
18.503531,60,54.662262
17.041275,60,54.719638
30.138866,60,54.784561
32.828859,60,54.849461
17.053167,60,54.911353
31.51241,60,54.972687
23.280569,60,55.037402
48.694785,60,55.096253
24.348444,60,55.156063
41.739928,60,55.210764
36.829199,60,55.26595
48.53166,60,55.328255
28.955711,60,55.390671
12.477876,60,55.454098
52.143116,60,55.520452
42.287977,60,55.574688
42.788576,60,55.666163
34.739648,60,55.748028
30.045987,60,55.806885
27.118688,60,55.867697
38.361703,60,55.918994
32.992667,60,55.972213
46.15212,60,56.031592
22.541806,60,56.089297
12.736714,38,56.126523
44.891133,60,56.18792
19.940481,60,56.24825
28.967301,60,56.312923
37.721602,60,56.374148
13.199162,60,56.429163
19.893672,60,56.480423
47.915777,60,56.547662
43.961231,60,56.61447
22.573457,60,56.67431
28.319007,60,56.732608
12.628917,42,56.775927
48.492995,60,56.831204
30.10576,60,56.888736
31.195777,60,56.955722
14.11625,58,57.01408
25.326368,60,57.070413
34.520603,60,57.132322
38.252393,60,57.195551
35.731432,60,57.254906
18.797035,55,57.306668
35.025795,60,57.375039
45.03447,60,57.438999
19.420929,60,57.497848
13.430962,60,57.560958
44.041992,60,57.621711
18.4705,60,57.680978
29.221923,60,57.736955
12.735755,56,57.785239
30.152363,60,57.868643
36.676247,60,57.937607
40.688257,60,57.999369
42.608186,60,58.06638
36.595332,60,58.153962
41.002393,60,58.212864
30.053702,60,58.276784
28.572541,60,58.33299
40.484849,60,58.39537
24.524199,60,58.466827
23.035948,60,58.525795
39.670464,60,58.585562
51.852872,60,58.660586
47.445815,60,58.719907
30.755335,60,58.782393
35.738252,60,58.840042
17.796108,60,58.912025
31.570103,60,58.973773
37.276562,60,59.037587
16.567159,43,59.083681
34.315008,60,59.145414
13.168588,46,59.187583
23.262639,60,59.240812
19.223263,60,59.304751
12.177763,60,59.365045
15.20763,52,59.412788
40.203211,60,59.478623
23.920353,60,59.535465
23.991074,60,59.589293
26.998819,60,59.662169
12.917876,60,59.73
16.817043,60,59.797477
9.951989,39,59.848768
52.526269,60,59.907682
18.630681,60,59.970025
29.041748,60,60.026859
34.583671,60,60.08119
37.687797,60,60.161781
46.265365,60,60.21853
37.760612,60,60.314627
19.089373,58,60.371042
11.321001,49,60.427423
39.65207,60,60.52644
33.019754,60,60.641432
17.532532,55,60.747052
44.372994,60,60.96399
36.19809,60,61.132362
44.501418,60,61.307755
32.981923,60,61.509407
41.723976,60,61.571304
52.34992,60,61.636159
32.755574,60,61.720798
34.615673,60,61.785128
25.244525,52,61.838138
22.185197,60,61.912073
43.24475,60,61.977957
24.826211,60,62.04379
32.303552,60,62.126157
32.936824,60,62.197564
34.984254,60,62.266908
43.764809,60,62.349279
24.641442,52,62.412414
34.150478,60,62.478344
43.584315,60,62.53672
39.627232,60,62.648417
31.840265,60,62.706279
33.966025,60,62.761187
34.350053,60,62.858814
20.258147,55,62.962496
51.157534,60,63.050985
12.179743,37,63.152075
47.482658,60,63.255696
11.938215,52,63.327666
41.840701,60,63.387957
28.185757,60,63.444221
43.087798,60,63.527766
43.472073,60,63.601183
39.559326,60,63.681061
51.449493,60,63.758549
46.224737,60,63.838131
40.321935,60,63.925607
30.089128,60,63.984867
42.561323,60,64.048146
44.655595,60,64.129091
33.139566,60,64.35001
40.252792,60,64.412422
50.086085,60,64.470153
42.694282,60,64.527967
39.802395,60,64.588304
29.508544,60,64.64902
28.857401,60,64.711335
36.084518,60,64.77274
49.341482,60,64.830078
40.655033,60,64.884836
16.810018,52,64.940204
21.331176,60,64.993499
18.523768,60,65.054462
28.644726,60,65.112838
40.46227,60,65.170012
21.147953,60,65.232431
16.466311,60,65.291068
20.754857,60,65.341447
35.615433,60,65.407194
15.152602,60,65.459079
46.279038,60,65.516344
52.193869,60,65.575764
46.372141,60,65.632442
35.087517,60,65.688717
38.372717,60,65.751562
40.537805,60,65.807939
30.249075,60,65.86781
28.990372,60,65.929551
11.511969,40,65.970837
35.881733,60,66.032228
15.451116,60,66.098232
32.278701,60,66.159689
25.468728,60,66.2206
27.457683,60,66.287475
13.817142,50,66.344872
18.675527,58,66.399626
26.891531,60,66.470005
47.684863,60,66.532244
49.42179,60,66.589375
46.367495,60,66.653516
43.734131,60,66.716323
40.668867,60,66.784957
43.8171,60,66.848892
38.135879,60,66.904853
23.84434,57,66.964272
34.337006,60,67.025687
46.067242,60,67.097658
43.601475,60,67.157469
21.227155,60,67.214035
14.55166,60,67.272194
38.610248,60,67.330444
39.084143,60,67.387726
52.308586,60,67.444966
20.358849,60,67.504265
10.357164,38,67.542454
52.508245,60,67.605909
44.875748,60,67.662814
34.073831,60,67.717147
24.159521,53,67.775414
41.584533,60,67.838832
30.641289,60,67.902689
50.008933,60,67.967702
32.830699,60,68.032202
38.589894,60,68.090095
52.878132,60,68.154335
12.00915,52,68.205688
33.020554,60,68.262949
42.887204,60,68.320809
43.928861,60,68.381089
55.601724,60,68.443868
16.226579,60,68.501154
36.31448,60,68.562089
10.114835,60,68.623047
40.903486,60,68.678367
52.780816,60,68.734232
29.715384,60,68.79435
26.20912,60,68.850293
30.270923,60,68.903723
22.647324,59,68.96547
32.514565,60,69.027238
32.969207,60,69.08348
25.562754,60,69.144821
9.575222,36,69.177008
55.719838,60,69.234321
37.462874,60,69.293641
32.937393,60,69.34683
26.059481,60,69.400775
20.734184,60,69.456179
27.57619,60,69.510369
25.029837,60,69.56613
26.009171,60,69.624878
38.066216,60,69.68365
45.93081,60,69.740613
19.691155,60,69.795916
24.824769,60,69.85171
26.849494,60,69.906395
41.879079,60,69.966761
42.545703,60,70.026144
39.379462,60,70.087103
28.675225,60,70.140295
21.605805,60,70.199791
7.675829,27,70.225946
19.323252,60,70.268033
15.336124,39,70.300702
18.839392,60,70.353436
37.606401,60,70.412767
8.069089,34,70.446025
31.2723,60,70.489244
34.419962,60,70.53489
23.802188,58,70.597232
21.361631,60,70.657054
14.417895,41,70.701246
47.56577,60,70.744375
39.449697,60,70.794698
14.40574,60,70.853488
20.129147,58,70.908312
43.166191,60,70.966192
25.926939,60,71.010336
35.893914,60,71.062164
37.196768,60,71.114404
44.595083,60,71.159552
43.663918,60,71.20908
36.73279,60,71.259727
50.781146,60,71.314673
27.413871,60,71.380114
36.985813,60,71.434801
38.830652,60,71.492482
40.046518,60,71.54769
25.927194,60,71.613397
49.636285,60,71.676553
41.59289,60,71.737729
39.308427,60,71.795993
42.432466,60,71.859261
43.76125,60,71.92573
46.708854,60,71.98101
45.199201,60,72.042453
46.683778,60,72.106867
49.717568,60,72.163626
47.950033,60,72.224436
51.637263,60,72.292143
22.373823,60,72.353945
43.721409,60,72.416704
14.553403,60,72.476949
47.616009,60,72.542743
41.21482,60,72.606236
53.494354,60,72.662597
46.917614,60,72.715831
32.496916,60,72.777144
46.117381,60,72.840017
48.680608,60,72.897815
44.24225,60,72.956734
47.48399,60,73.017088
16.96903,45,73.066777
28.517736,60,73.126606
47.640789,60,73.182401
40.232325,60,73.23915
35.740973,60,73.302933
16.69503,41,73.345558
18.635808,60,73.40629
44.012365,60,73.471151
41.859508,60,73.530607
46.708246,60,73.594431
34.621388,60,73.64471
28.945759,53,73.683328
40.764828,60,73.730578
20.460624,60,73.79246
21.300334,52,73.842257
24.248064,60,73.898089
35.807158,60,73.958348
35.620971,60,74.016992
44.053334,60,74.071279
45.829945,60,74.132564
37.714911,60,74.196418
51.323453,60,74.25622
44.575375,60,74.315197
39.931191,60,74.372368
39.838939,60,74.429251
39.22123,60,74.485595
45.611109,60,74.538294
40.281284,60,74.593605
47.288816,60,74.645898
54.320483,60,74.7037
42.027937,60,74.758529
44.630798,60,74.809808
41.603676,60,74.869586
41.936201,60,74.9238
45.913391,60,74.981173
37.341923,60,75.041503
43.515076,60,75.100246
23.218197,60,75.160099
41.095323,60,75.219979
33.366388,60,75.278095
45.121282,60,75.338349
41.389219,60,75.398219
45.240754,60,75.457699
18.064236,60,75.513648
38.031279,60,75.572429
21.061955,51,75.62574
16.900668,45,75.670954
35.937594,60,75.731784
38.22959,60,75.791592
43.077341,60,75.852432
20.679672,53,75.908125
46.194837,60,75.973301
46.177209,60,76.034521
48.474026,60,76.096389
45.384689,60,76.165164
31.810638,60,76.227079
47.660427,60,76.292261
43.600047,60,76.358681
27.951638,60,76.424056
41.314962,60,76.489708
45.396822,60,76.548953
43.260433,60,76.607483
24.800574,60,76.669789
50.938224,60,76.729634
18.030436,52,76.782041
43.52351,60,76.838699
38.636849,60,76.896449
41.754245,60,76.955338
53.556209,60,77.014203
50.705341,60,77.07656
25.883498,60,77.137391
37.581156,60,77.200668
17.991984,41,77.247961
10.984077,55,77.307155
27.473982,60,77.369533
45.579735,60,77.431279
30.570787,60,77.490646
19.649099,60,77.551903
32.890853,60,77.612475
30.8229,60,77.676327
7.779175,34,77.71254
12.849374,50,77.764399
24.421088,58,77.8292
23.010159,50,77.886114
26.221523,60,77.949549
47.278417,60,78.012367
46.640285,60,78.080606
29.737129,60,78.142071
42.622974,60,78.208493
39.545485,60,78.270849
27.620292,60,78.335379
24.659822,60,78.400799
50.241047,60,78.46017
41.20273,60,78.52108
47.680792,60,78.582478
41.932759,60,78.642228
43.53688,60,78.70358
54.175272,60,78.763402
32.434096,60,78.82066
21.617435,60,78.878996
31.334493,60,78.932261
29.449349,60,78.989082
44.939458,60,79.040373
35.471134,60,79.096654
48.265232,60,79.154982
48.593807,60,79.211336
32.172653,60,79.266124
30.33103,60,79.325029
22.998423,60,79.377894
49.939755,60,79.43672
40.239445,60,79.491012
57.814655,60,79.551281
50.890595,60,79.606108
54.215033,60,79.659539
49.625028,60,79.722596
40.505112,60,79.777653
32.541241,60,79.833513
46.966696,60,79.894969
47.53824,60,79.950211
42.688212,60,80.005548
34.141628,60,80.06903
50.775955,60,80.127999
48.492504,60,80.188786
43.491136,60,80.250055
43.332743,60,80.311937
45.526761,60,80.374086
36.625104,60,80.43401
42.426221,60,80.491822
37.652789,60,80.549621
45.069995,60,80.603853
34.807016,60,80.657154
39.040424,60,80.713553
50.263526,60,80.77432
23.902071,53,80.826536
42.653462,60,80.881841
43.703632,60,80.942198
19.132863,60,80.999657
43.49408,60,81.054967
51.797514,60,81.109224
41.756755,60,81.168123
27.232997,60,81.226942
41.876563,60,81.286224
38.786952,60,81.34049
45.104541,60,81.397815
45.368494,60,81.445593
40.445477,60,81.488347
53.302477,60,81.54416
35.233478,60,81.598032
17.824067,60,81.659412
40.389212,60,81.720426
47.039485,60,81.781736
55.868293,60,81.839152
39.86066,60,81.915064
40.611092,60,81.981912
45.435352,60,82.04104
38.971265,60,82.100937
27.364872,60,82.152143
15.013598,41,82.19133
23.093998,58,82.248124
42.123357,60,82.297399
42.88624,60,82.358072
39.942012,60,82.415847
28.040255,60,82.464483
29.798266,60,82.514146
17.686697,48,82.556902
44.542085,60,82.609152
27.332537,60,82.673467
46.612313,60,82.726184
24.93593,60,82.781561
8.232799,28,82.807733
22.543573,48,82.855968
11.00558,32,82.889109
13.715285,38,82.929342
19.056086,48,82.975466
13.40312,34,83.007511
4.60295,32,83.038093
12.371251,38,83.073674
21.637462,53,83.130862
53.956721,60,83.192078
45.686067,60,83.255014
27.515023,60,83.319449
27.437138,60,83.38178
37.258868,60,83.446139
15.490336,60,83.50861
51.918738,60,83.57051
51.692558,60,83.632073
46.056767,60,83.695381
43.142442,60,83.770853
54.3371,60,83.836196
47.543245,60,83.899126
39.003936,60,83.964959
38.25711,60,84.022185
45.80698,60,84.08114
39.089172,60,84.145121
45.914176,60,84.208477
40.111063,60,84.270832
41.299406,60,84.331087
46.90003,60,84.392481
55.872974,60,84.460377
55.999027,60,84.521666
32.062539,60,84.577988
42.95205,60,84.628217
14.320804,40,84.665889
24.682513,60,84.721189
33.831878,60,84.773634
25.618593,60,84.828414
48.07663,60,84.878117
54.174307,60,84.930407
44.675547,60,84.979138
24.153466,60,85.030938
24.682232,60,85.088163
22.015832,60,85.144429
21.701641,60,85.201769
47.913054,60,85.259472
38.620021,60,85.321832
24.999612,60,85.385675
18.44118,60,85.448
49.966718,60,85.507277
33.255268,60,85.568506
44.916432,60,85.630657
39.668293,60,85.695305
41.303057,60,85.760542
44.109302,60,85.821236
24.397224,60,85.883512
53.833603,60,85.946384
20.222951,60,86.007714
45.306583,60,86.070102
40.554267,60,86.131968
37.823533,60,86.1913
43.534955,60,86.25058
43.206623,60,86.310918
49.670895,60,86.366563
45.323273,60,86.419847
42.043187,60,86.475676
55.134244,60,86.53146
46.009055,60,86.586298
43.617597,60,86.64
43.717806,60,86.691733
15.071304,55,86.742183
42.453269,60,86.793944
55.383024,60,86.853292
50.222652,60,86.910985
49.71502,60,86.964748
41.979605,60,87.018547
57.864549,60,87.075844
52.836314,60,87.130285
44.839781,60,87.186751
35.253008,60,87.242434
39.906664,60,87.304342
43.4403,60,87.358073
32.668912,60,87.418907
49.324039,60,87.481675
42.462899,60,87.545543
50.405113,60,87.606853
43.59206,60,87.664824
44.507372,60,87.724503
51.53208,60,87.787248
44.099125,60,87.844515
34.776077,60,87.908921
50.49073,60,87.969324
28.563033,60,88.03107
17.98636,60,88.095002
32.840421,60,88.157351
23.857227,60,88.222612
30.215686,60,88.28437
24.90659,60,88.351063
23.253069,60,88.410292
19.619877,60,88.472079
30.711638,60,88.531935
12.930331,58,88.596391
45.60703,60,88.665303
29.959144,57,88.725554
50.256812,60,88.785446
53.406993,60,88.841385
49.356092,60,88.90176
41.530522,60,88.964612
42.090156,60,89.028374
48.444306,60,89.094797
40.526397,60,89.158205
33.82203,60,89.21736
39.677745,60,89.280747
36.446796,60,89.341013
39.459656,60,89.404854
8.360888,32,89.43852
20.469038,60,89.500877
19.678583,60,89.562286
22.202743,60,89.624687
21.533513,50,89.677463
5.503883,31,89.716751
28.964498,60,89.791697
49.628472,60,89.856507
54.4234,60,89.922334
16.186583,40,89.967676
49.234194,60,90.030025
46.302213,60,90.095932
43.122859,60,90.159223
40.906666,60,90.220559
34.582802,60,90.281737
26.384123,49,90.327904
42.01784,60,90.386195
44.763064,60,90.443473
35.265422,60,90.505927
43.86089,60,90.562312
38.904617,60,90.622229
23.502201,60,90.680939
51.80135,60,90.733244
42.945662,60,90.787599
42.56873,60,90.844685
31.887703,60,90.89645
44.909647,60,90.95332
49.932747,60,91.012144
34.108547,60,91.074057
34.674841,60,91.134458
54.16327,60,91.200848
46.082713,60,91.263154
17.086164,45,91.308853
47.812902,60,91.369838
45.149584,60,91.430598
47.543769,60,91.490439
50.605901,60,91.553303
46.895889,60,91.61614
41.437714,60,91.676035
40.32077,60,91.739452
39.762371,60,91.796886
51.179021,60,91.853793
49.581098,60,91.918854
43.642914,60,91.983135
32.535429,60,92.047298
42.446449,60,92.111669
34.476202,60,92.174091
45.261634,60,92.236336
25.697012,60,92.299985
34.151134,60,92.362312
44.71073,60,92.420663
40.774177,60,92.483987
58.447486,60,92.547451
40.594895,60,92.609358
56.496767,60,92.668265
43.638536,60,92.723979
41.536789,60,92.78081
