#{"t_start": 1790473303.9795423, "env_id": "None"}
r,l,t
5.716086,36,0.012392
19.882934,51,0.021296
9.40158,60,0.03286
11.748694,52,0.04451
15.832763,60,0.055976
6.317893,56,0.075525
5.381955,35,0.087065
4.413198,30,0.092619
10.241368,37,0.10014
20.866884,56,0.109872
18.820738,60,0.119919
12.928375,60,0.131947
15.493299,60,0.143989
8.197089,34,0.150518
16.871456,60,0.16208
25.325628,60,0.173127
14.22467,54,0.184479
25.091962,60,0.201656
13.77897,60,0.213389
9.247934,58,0.224437
26.444839,60,0.23577
13.760085,60,0.246409
12.776326,60,0.259952
11.563458,48,0.272597
9.223351,48,0.282543
16.993256,60,0.298825
13.490987,54,0.316036
10.007302,40,0.326066
20.12715,60,0.339125
19.56634,60,0.357682
11.992621,45,0.366715
6.53156,46,0.375779
20.772581,60,0.388568
14.048924,55,0.401154
11.239181,60,0.412207
23.347908,60,0.423749
13.0379,55,0.438313
13.71952,60,0.457939
23.273215,60,0.47404
3.358776,29,0.480571
14.035512,58,0.498668
13.216573,60,0.518202
12.80416,55,0.536827
20.945684,60,0.548972
7.477551,44,0.555849
9.239112,48,0.565387
11.134259,60,0.579954
8.792971,44,0.591113
12.896433,60,0.604854
18.123049,60,0.623596
16.535359,60,0.642282
12.152525,60,0.660572
26.645006,60,0.678315
16.498479,60,0.697587
33.143088,60,0.712115
15.032183,56,0.724686
17.949975,60,0.737021
27.245146,60,0.755538
8.694175,44,0.763191
5.884584,55,0.772766
15.938255,58,0.783323
19.161341,60,0.796179
10.380311,60,0.811275
16.516762,60,0.823295
13.0692,60,0.833351
5.015201,31,0.840189
20.416668,60,0.85098
7.515894,41,0.858013
11.556358,51,0.868096
4.473374,29,0.875658
6.537431,36,0.883695
17.956258,60,0.895311
12.520206,48,0.907399
5.922421,36,0.914472
7.564732,33,0.920499
11.972623,51,0.929958
26.904028,60,0.941535
9.367464,54,0.958091
19.753373,60,0.976667
5.874223,34,0.986835
13.231166,60,1.006026
14.817517,60,1.023453
14.341838,48,1.031984
4.102351,36,1.038007
5.988521,48,1.046485
13.783593,44,1.059179
16.985664,60,1.075246
21.00646,60,1.085792
21.116628,60,1.097734
11.491321,60,1.111989
19.603291,60,1.132373
28.925705,60,1.153575
12.37443,55,1.163638
8.990308,49,1.174189
2.950833,28,1.191227
6.774559,32,1.2198
7.850685,41,1.242546
13.174552,60,1.282471
14.153802,60,1.322234
15.820538,60,1.356322
8.275228,44,1.384959
8.670921,37,1.408635
14.132428,55,1.440014
2.94936,30,1.455964
15.594398,60,1.508861
7.051696,46,1.538488
27.220738,60,1.575548
11.790499,41,1.601513
10.023982,60,1.650498
14.172439,60,1.697872
18.206472,60,1.738055
26.103172,60,1.783434
17.073566,60,1.822798
9.230858,36,1.842214
12.746268,60,1.876978
9.040198,37,1.90465
20.632513,60,1.945612
15.340452,54,1.9901
9.61529,57,2.034092
25.64089,60,2.07158
17.972543,60,2.108776
2.019393,32,2.129865
18.615313,55,2.175671
19.988667,60,2.215176
19.733738,60,2.24876
4.525589,38,2.268857
14.706087,46,2.295319
32.668574,60,2.330144
13.017863,44,2.354867
16.762964,52,2.390344
13.733696,58,2.42213
17.66424,56,2.462847
7.827206,39,2.48754
38.126547,60,2.522215
13.740138,60,2.561958
22.180818,60,2.595086
9.725311,51,2.629928
38.841392,60,2.662216
19.741723,60,2.69588
13.404311,60,2.730088
37.590072,60,2.774814
11.59603,39,2.800429
13.236727,59,2.85148
26.524867,60,2.893656
40.252119,60,2.929296
19.873971,60,2.962405
34.006576,60,2.995511
20.847485,60,3.031515
19.307664,60,3.064492
5.634882,41,3.088888
31.859074,60,3.128562
20.441295,60,3.17778
13.624889,60,3.222236
13.933592,60,3.262235
27.069249,60,3.296528
9.963696,59,3.330439
27.385955,60,3.366043
15.882339,43,3.394194
12.319362,40,3.425642
16.468616,60,3.468854
26.480438,60,3.515157
28.304411,60,3.555864
9.395348,54,3.59121
17.888808,60,3.626421
12.945459,60,3.677066
14.517209,60,3.72151
17.228906,51,3.750484
20.234319,60,3.793742
1.696191,56,3.846741
7.883082,55,3.8966
15.584494,60,3.950649
17.973921,60,4.003555
22.094325,60,4.050258
11.839196,52,4.079906
28.90261,60,4.115496
5.968387,47,4.144207
10.063626,60,4.186937
16.317002,60,4.240063
16.155533,57,4.275515
14.592963,48,4.303255
14.721993,60,4.338924
10.12698,60,4.373882
14.031686,60,4.427042
33.575218,60,4.478863
12.389515,58,4.515044
22.31177,60,4.549168
16.782974,49,4.577926
16.632315,57,4.615926
7.568804,60,4.652418
35.855876,60,4.686941
13.531403,46,4.712922
13.074472,44,4.740023
11.720027,60,4.779128
20.450185,60,4.828712
13.879323,60,4.867224
16.182772,60,4.904417
29.735341,60,4.954302
11.583056,38,4.986692
28.697152,60,5.041138
26.294353,60,5.078467
11.39787,60,5.114624
29.974865,60,5.150077
25.963971,60,5.185796
20.681652,60,5.221549
22.811853,60,5.25756
6.219128,39,5.279656
22.144581,60,5.326973
15.048465,51,5.358565
26.157717,60,5.406074
13.185229,49,5.436769
21.075983,60,5.494418
29.47509,60,5.547988
21.155254,60,5.598794
19.1337,60,5.642607
27.68805,60,5.678921
20.591921,60,5.728947
26.366559,60,5.765254
29.757443,60,5.80085
29.607545,60,5.835988
14.475684,45,5.871407
29.423874,60,5.908125
10.248138,44,5.933499
50.558495,60,5.967815
14.580874,53,6.001809
23.446625,60,6.047998
11.705944,60,6.085234
11.169805,46,6.122146
18.331119,50,6.150386
14.464304,60,6.19419
10.291955,60,6.250066
35.674101,60,6.29533
41.449697,60,6.337197
24.605607,60,6.388554
17.931731,60,6.424042
4.002562,39,6.45193
33.787377,60,6.508388
23.990536,60,6.563825
18.994571,60,6.609606
30.996345,60,6.661011
14.019163,51,6.691196
3.063921,50,6.721461
23.968717,51,6.750878
9.387739,39,6.78586
17.518435,60,6.841542
7.669296,49,6.881515
8.945558,41,6.905131
9.22309,46,6.93293
15.557068,60,6.970042
38.432804,60,7.018541
16.789983,60,7.073961
23.842701,60,7.127948
8.916502,38,7.163439
17.867331,60,7.221202
17.46672,60,7.265793
24.154952,60,7.314133
9.595189,39,7.347249
16.193396,53,7.398612
34.41289,60,7.446752
7.874307,51,7.495894
17.708392,60,7.541129
13.132143,60,7.591235
18.017152,60,7.631018
25.917144,60,7.684268
9.518437,44,7.7215
25.733924,60,7.761961
10.411281,60,7.818151
24.678455,60,7.856537
41.068148,60,7.898072
15.58205,58,7.951861
13.596487,60,7.993267
18.090791,47,8.021369
20.076846,60,8.056087
28.195991,60,8.109881
8.562092,48,8.148541
23.604606,60,8.18577
5.37186,48,8.213862
16.726216,60,8.250061
18.128312,60,8.288269
14.940544,54,8.337846
27.109378,60,8.388791
30.845614,60,8.441013
12.942283,56,8.494964
18.248959,52,8.529925
0.90916,28,8.551188
19.240247,60,8.608388
36.248352,60,8.64853
7.359574,37,8.670135
14.701155,60,8.722291
12.167868,60,8.782846
24.099823,60,8.829838
26.233513,60,8.888417
26.219316,60,8.939723
17.432474,58,8.993032
15.015257,59,9.047381
15.179001,60,9.104387
25.302103,60,9.153344
34.179488,60,9.204952
22.164287,60,9.252371
3.850363,42,9.279636
22.17038,60,9.324138
18.138834,60,9.362194
24.617116,60,9.397854
8.703879,44,9.424932
23.631809,60,9.463384
22.892028,60,9.504308
30.002642,60,9.557798
35.386464,60,9.61744
7.04471,60,9.653606
27.121119,60,9.693263
19.635439,60,9.731974
11.125597,40,9.75737
45.69104,60,9.79325
32.787929,60,9.830719
32.877547,60,9.867587
35.996944,60,9.904345
36.104998,60,9.945145
11.681044,47,9.973903
5.335774,32,9.99448
35.054646,60,10.032001
8.943549,50,10.061712
40.49034,60,10.098269
19.99129,45,10.12592
29.464462,60,10.163426
8.14673,54,10.197792
17.824621,60,10.235823
17.446215,60,10.286943
43.229416,60,10.334922
21.227495,60,10.383836
20.580221,60,10.421919
17.248872,60,10.458808
40.856246,60,10.496484
28.523232,60,10.534524
8.5441,58,10.570762
13.476838,53,10.607459
12.613842,52,10.641692
21.961788,60,10.680939
20.807136,60,10.740319
6.540117,44,10.773463
5.579725,42,10.801106
21.947937,56,10.836704
25.335388,60,10.876978
22.150011,60,10.932314
25.604327,60,10.99182
26.027322,60,11.051044
14.293531,45,11.095888
21.585395,60,11.155702
17.927857,60,11.215524
30.038864,60,11.273036
25.655008,60,11.327467
18.669385,60,11.388576
29.12438,60,11.444079
24.743746,60,11.492049
29.806172,60,11.539941
33.303356,60,11.578728
29.212153,60,11.639622
25.980579,60,11.694893
12.009561,60,11.75372
12.493128,43,11.790481
34.277167,60,11.839744
12.91641,42,11.866786
3.605641,27,11.882412
28.023607,60,11.922465
22.831469,60,11.960856
20.050227,60,12.00178
9.293793,60,12.042517
28.840472,60,12.090362
26.065743,60,12.129695
23.195024,60,12.176518
29.89629,60,12.227341
20.060282,60,12.281676
26.702574,60,12.320331
36.660767,60,12.359532
21.333622,60,12.405358
35.872469,60,12.442272
17.4145,60,12.480804
43.348475,60,12.517793
19.233169,60,12.555384
15.037374,60,12.610767
17.691478,60,12.648974
14.903445,55,12.69332
34.031457,60,12.743106
40.869394,60,12.78288
21.604362,60,12.842559
34.251891,60,12.885785
9.690796,50,12.929509
19.90419,60,12.96651
31.178017,60,13.00893
37.179246,60,13.064705
11.858191,45,13.103477
21.322166,60,13.160418
15.62602,60,13.204306
15.354904,60,13.24951
20.437479,60,13.299603
44.526526,60,13.359791
9.292714,57,13.411195
22.156141,60,13.458109
19.81176,60,13.499867
12.286878,60,13.5407
33.155355,60,13.597003
12.404259,59,13.644252
20.054176,60,13.684152
15.104958,60,13.723743
23.634002,60,13.764507
24.221388,60,13.804929
33.67559,60,13.844966
18.1414,60,13.898805
40.74426,60,13.960936
9.491784,40,13.99956
21.08355,60,14.056341
15.39142,42,14.088553
20.925036,60,14.149766
3.067605,34,14.185458
17.760815,60,14.24736
20.802308,60,14.293262
34.075663,60,14.3309
38.250341,60,14.390114
20.379026,45,14.43825
18.554786,53,14.47102
28.057874,60,14.528403
35.209386,60,14.576708
40.890421,60,14.624981
25.250016,60,14.666163
29.534689,60,14.722017
42.181726,60,14.761954
22.350503,60,14.802747
14.588206,60,14.85893
20.680652,60,14.903703
18.494783,60,14.943371
38.548805,60,14.985402
13.902297,60,15.031255
24.05194,60,15.071205
27.101632,60,15.115451
29.641688,60,15.173873
26.657767,60,15.235453
18.623892,60,15.285858
37.492241,60,15.33737
16.675349,54,15.37269
25.859972,60,15.41244
30.233967,60,15.453863
21.669346,60,15.494063
29.079037,60,15.550759
39.626398,60,15.610703
20.148217,60,15.672337
8.57775,60,15.732973
21.292173,55,15.787974
20.984893,60,15.833476
26.881756,60,15.875867
32.781416,60,15.936918
6.510673,32,15.958387
32.104365,60,15.998859
13.22554,46,16.034822
27.962887,60,16.079608
32.862304,60,16.134287
26.971891,60,16.173287
30.886478,60,16.233419
18.432929,49,16.283859
13.329245,59,16.331204
22.606949,52,16.367659
22.949534,60,16.411064
14.578176,60,16.463292
43.69198,60,16.503314
27.705812,60,16.54817
30.893809,60,16.608355
10.532172,38,16.638588
17.40978,57,16.683254
35.358842,60,16.727282
27.96108,60,16.789883
19.04406,58,16.831977
40.526423,60,16.883639
13.446061,36,16.918971
17.532351,60,16.980871
38.528524,60,17.042884
35.902426,60,17.104226
20.717575,60,17.168141
14.650743,49,17.209409
20.072173,60,17.25976
30.13361,60,17.305133
35.952592,60,17.346868
31.930487,60,17.390128
21.953909,60,17.43408
41.0281,60,17.479286
41.656572,60,17.528605
9.891867,60,17.572531
42.673302,60,17.616631
46.363333,60,17.681312
47.617427,60,17.728269
23.329042,60,17.786244
39.743502,60,17.841706
9.168215,40,17.871337
16.902037,50,17.916824
27.903134,60,17.977351
26.199411,60,18.016522
26.652057,60,18.075355
21.182692,60,18.119701
7.602454,38,18.146579
30.795102,60,18.187314
29.044586,60,18.232895
43.442854,60,18.277094
24.179849,60,18.323245
16.267609,42,18.366295
23.993196,55,18.417223
21.57952,60,18.457915
11.805772,39,18.484717
40.733963,60,18.543702
39.445971,60,18.581155
40.869139,60,18.632952
41.117648,60,18.672383
46.93296,60,18.716667
19.792212,60,18.772233
46.418251,60,18.814944
12.749883,59,18.854178
39.030068,60,18.907037
53.059545,60,18.953066
42.344669,60,18.995038
18.113241,51,19.029695
21.709343,60,19.069588
37.947764,60,19.123095
17.390487,60,19.17946
13.943427,48,19.22185
14.799773,48,19.262986
38.69352,60,19.317566
38.935948,60,19.359817
29.422953,60,19.40129
7.089371,52,19.439684
30.734181,60,19.481258
25.336772,60,19.521549
46.45775,60,19.56178
17.748923,60,19.601272
8.12557,51,19.637563
8.268286,60,19.679574
20.779146,47,19.711172
21.813202,45,19.741246
28.703237,60,19.781435
26.209832,60,19.824879
23.996824,60,19.884328
22.912161,58,19.944768
9.785803,40,19.978028
43.800352,60,20.040771
27.565278,60,20.104256
7.491,32,20.139494
35.235793,60,20.19222
15.702509,60,20.237235
13.558362,53,20.272719
32.945359,60,20.324651
27.471745,60,20.377121
10.112916,58,20.417272
37.149521,60,20.458645
27.59303,60,20.499431
18.356955,60,20.543928
10.676571,37,20.570458
31.537237,60,20.613688
22.235316,60,20.664477
15.697582,43,20.708681
28.984684,60,20.762172
14.179853,38,20.798086
33.685405,60,20.855858
21.442254,60,20.920479
21.897997,60,20.979783
16.117919,60,21.036072
15.028211,53,21.085196
50.832785,60,21.127463
22.586488,49,21.159821
21.296554,60,21.203061
21.391189,59,21.241947
31.892813,60,21.282732
24.204673,59,21.325031
28.570834,60,21.365762
16.233638,60,21.40566
22.625946,60,21.447406
13.790203,59,21.486814
29.732136,60,21.528303
13.794454,60,21.585137
15.362146,60,21.639753
15.380196,45,21.682312
42.434663,60,21.723696
39.780808,60,21.772482
11.42236,60,21.813761
26.302422,60,21.85462
31.164823,60,21.899591
23.02928,45,21.934847
14.724666,56,21.985042
44.940234,60,22.033039
5.978361,53,22.087545
19.727446,58,22.148664
13.363304,60,22.21011
21.504909,60,22.259855
15.938708,60,22.301548
22.971411,60,22.361794
28.759877,60,22.42613
22.529231,60,22.478427
22.368017,60,22.542606
15.730029,46,22.591451
34.302223,60,22.655995
25.260905,60,22.720694
24.656648,60,22.763266
28.140795,60,22.804964
27.967779,60,22.85096
14.70992,60,22.892675
37.186278,60,22.940494
27.088291,60,22.981455
29.767189,60,23.023232
33.270445,60,23.064655
36.814036,60,23.105358
18.339312,59,23.145023
11.309935,45,23.179473
20.503706,59,23.241868
43.713982,60,23.28362
26.991035,60,23.325272
20.758321,50,23.36889
16.323683,54,23.420194
24.948699,60,23.469755
9.280269,43,23.501563
35.917633,60,23.55544
37.941942,60,23.605596
15.521704,55,23.645617
36.345235,60,23.698216
29.918684,60,23.749011
35.251367,60,23.790626
24.99551,60,23.832702
43.729357,60,23.8737
31.952493,60,23.919485
22.349714,60,23.95962
28.938779,60,24.014098
28.227183,60,24.077442
43.519758,60,24.141021
38.296462,60,24.202563
32.1418,60,24.267864
19.919147,60,24.322089
13.813417,36,24.358128
44.575626,60,24.421677
27.712074,60,24.48772
25.143027,60,24.551729
26.218161,60,24.608629
4.782562,28,24.628101
31.062703,60,24.690914
47.990433,60,24.753259
31.389571,60,24.813724
40.660915,60,24.863259
34.165645,60,24.922084
37.185397,60,24.974783
39.166324,60,25.037688
24.99585,60,25.091968
23.559928,60,25.151119
36.538567,60,25.195282
33.952733,60,25.237568
11.064913,59,25.284229
18.60605,60,25.333405
20.818687,60,25.373363
32.397662,60,25.437574
25.432942,60,25.486286
12.621279,46,25.517581
18.845332,57,25.561563
16.596747,39,25.588719
35.351414,60,25.643095
15.172737,60,25.684525
45.118844,60,25.72837
23.221745,60,25.781048
20.416245,47,25.819636
39.125903,60,25.8671
51.004932,60,25.919341
15.316979,60,25.980902
25.082692,60,26.031549
23.70665,57,26.083295
10.250519,49,26.128063
14.833577,45,26.175615
16.675079,48,26.226599
27.994441,60,26.282032
6.579134,31,26.304119
27.372396,60,26.367129
34.271179,60,26.416035
45.344302,60,26.460214
28.46912,60,26.510707
39.662071,60,26.574265
24.611458,60,26.638157
36.867159,60,26.68117
26.567843,60,26.721862
15.616678,60,26.77811
28.263716,60,26.828555
35.64778,60,26.892973
30.545738,60,26.957762
36.399287,60,27.02103
29.213831,60,27.086712
47.412712,60,27.150645
40.821725,60,27.212846
10.988101,50,27.262691
24.277966,60,27.32356
43.595868,60,27.388129
39.61887,60,27.451528
9.696922,60,27.513239
54.950992,60,27.570682
18.980307,60,27.635993
25.02269,60,27.693851
24.087893,60,27.740919
19.567786,60,27.791993
44.311187,60,27.847636
42.532308,60,27.910797
26.913717,60,27.952578
32.498527,60,28.006347
19.392369,56,28.067284
19.418067,51,28.122016
19.266994,60,28.16969
21.660261,60,28.210999
28.00522,60,28.275459
31.275121,60,28.340139
53.467622,60,28.399589
47.099339,60,28.440549
52.318278,60,28.483249
49.356455,60,28.523404
28.913977,60,28.570653
29.713297,60,28.636182
37.002536,60,28.691971
12.171066,44,28.722051
29.750484,60,28.766501
33.693369,60,28.807503
17.955663,51,28.845747
42.47027,60,28.886162
35.90677,60,28.932761
16.907947,60,28.989671
7.848407,54,29.025611
46.237864,60,29.068384
33.211046,60,29.112512
31.099667,60,29.163854
35.914039,60,29.221627
33.77964,60,29.264578
17.37662,60,29.318036
32.559117,60,29.374289
15.913332,48,29.419601
49.861765,60,29.472051
35.500475,60,29.512597
37.493962,60,29.554052
48.59918,60,29.596738
24.867194,60,29.638659
40.30047,60,29.680512
21.055282,60,29.721495
33.800619,60,29.774611
42.408883,60,29.837576
31.023468,60,29.888413
30.814021,60,29.929286
41.449097,60,29.970652
18.531023,60,30.01107
37.361109,60,30.051154
44.41433,60,30.092444
19.789711,52,30.140466
50.982499,60,30.205971
40.212176,60,30.268667
29.639894,60,30.330382
36.46469,60,30.373851
8.112822,30,30.397352
51.256541,60,30.461818
37.707126,60,30.526111
30.960665,60,30.573262
36.925828,60,30.617714
25.797263,49,30.65656
41.928577,60,30.70813
34.495913,60,30.75165
16.472958,60,30.800841
47.194257,60,30.847498
32.541345,60,30.888612
45.445432,60,30.936952
54.340205,60,30.978536
18.111264,60,31.029365
30.641569,60,31.070957
46.131762,60,31.115561
49.785008,60,31.174561
28.342984,60,31.230633
22.517989,58,31.290003
28.491751,53,31.336742
29.865145,60,31.381434
42.273102,60,31.423309
12.077547,31,31.454498
25.357943,60,31.512667
42.904641,60,31.5571
30.103714,60,31.599645
44.359834,60,31.659516
38.449858,60,31.723063
33.13059,60,31.783112
29.322939,60,31.841092
49.545965,60,31.905967
19.708119,60,31.970954
39.333142,60,32.035296
26.334149,60,32.092604
35.389199,60,32.156774
32.084839,60,32.205811
32.389866,60,32.245882
40.462949,60,32.28796
20.822258,60,32.329177
19.195901,60,32.376209
23.535029,60,32.424714
22.111426,60,32.466434
54.494033,60,32.507039
26.600492,60,32.559459
37.459984,60,32.614136
44.313449,60,32.66402
25.932201,60,32.727855
33.62808,60,32.793455
24.512481,60,32.839989
36.011297,60,32.885427
44.804475,60,32.937279
38.018499,60,32.993538
31.442865,60,33.037886
18.14434,60,33.087014
35.46759,60,33.1464
37.744314,60,33.202496
33.812317,60,33.260553
17.403003,54,33.317088
16.975246,60,33.382849
11.385135,42,33.428095
43.273243,60,33.481743
44.713051,60,33.527292
11.073555,52,33.581394
14.188651,51,33.616367
41.50228,60,33.66389
26.249729,60,33.719419
23.187192,60,33.780826
14.518006,54,33.817055
42.165894,60,33.867624
35.226907,60,33.922015
35.434543,60,33.984351
18.279591,60,34.047855
37.92533,60,34.092486
31.583837,60,34.142656
48.166461,60,34.208617
15.893231,55,34.246475
24.75519,60,34.286914
36.122292,60,34.327633
30.922644,60,34.369205
40.400252,60,34.409557
35.41898,60,34.451435
22.930904,57,34.50702
38.050131,60,34.552547
8.33191,52,34.593548
48.880458,60,34.649264
30.177453,60,34.701587
19.554266,57,34.763173
28.551357,60,34.825155
29.757277,60,34.883846
46.918382,60,34.936795
18.788373,58,34.99478
42.474573,60,35.045553
31.531458,60,35.099432
16.788179,47,35.135979
8.01228,38,35.173905
30.771858,60,35.23189
19.45757,60,35.273107
35.101504,60,35.31648
15.825905,60,35.35745
32.567606,60,35.400847
30.776956,60,35.443347
39.73848,60,35.483123
28.329996,60,35.529528
30.503887,60,35.570891
34.664568,60,35.617356
27.045014,60,35.672863
42.827865,60,35.729147
31.435332,60,35.779553
26.98033,60,35.834919
45.854296,60,35.888256
56.300379,60,35.932556
31.234199,60,35.980399
29.43538,60,36.025311
55.968273,60,36.071406
36.805462,60,36.11655
34.539199,60,36.174106
34.723761,60,36.227427
31.968338,60,36.277914
27.847285,60,36.329244
36.774117,60,36.384445
24.173881,60,36.434369
48.563443,60,36.489354
20.699558,60,36.551369
34.501127,60,36.605356
11.007403,60,36.646348
47.917697,60,36.702642
26.4622,60,36.759406
20.60548,60,36.800852
34.739273,60,36.84515
45.016577,60,36.907843
38.52393,60,36.96255
45.127355,60,37.004887
36.554081,60,37.047371
53.618966,60,37.100847
13.763023,60,37.150397
10.539822,54,37.194444
47.094163,60,37.255424
36.581255,60,37.309169
11.847987,58,37.361782
43.382857,60,37.426986
31.467794,60,37.49136
27.298996,60,37.545378
26.256763,60,37.610595
30.407443,60,37.675449
35.730811,60,37.729502
25.342003,60,37.786201
29.842661,60,37.847664
34.561948,60,37.902348
28.314123,58,37.956487
28.541769,60,38.019259
39.821254,60,38.084048
36.806601,60,38.147566
35.420373,60,38.204687
32.49233,60,38.26293
44.055322,60,38.318946
42.135416,60,38.382619
19.133375,60,38.427051
22.542526,60,38.48637
50.194322,60,38.545863
33.31399,60,38.608855
44.908291,60,38.66193
21.302117,60,38.722407
36.08316,60,38.787529
18.272669,60,38.84108
48.328488,60,38.887878
43.298961,60,38.931095
8.86965,53,38.982438
18.254693,49,39.028108
25.420667,60,39.075479
33.633356,60,39.116471
26.113573,60,39.165177
36.8541,60,39.209481
34.729304,60,39.256384
44.644211,60,39.311819
53.375836,60,39.364688
16.851928,57,39.409374
36.049729,60,39.449884
30.982536,60,39.492472
23.955358,60,39.53518
22.901733,60,39.586018
22.186025,60,39.639581
53.296129,60,39.687123
40.192393,60,39.725793
24.979626,60,39.776629
19.696347,60,39.831851
42.006465,60,39.88904
42.475102,60,39.953346
32.186854,60,40.017463
41.23046,60,40.0738
19.542856,53,40.110248
35.754806,60,40.151297
31.389169,60,40.192242
33.179881,60,40.234336
38.526517,60,40.287442
20.707194,60,40.350972
42.433035,60,40.409945
33.314276,60,40.451337
13.52823,41,40.490819
21.949593,60,40.554812
22.512943,60,40.605875
28.566957,60,40.669164
26.852738,60,40.728099
21.289758,60,40.780779
23.093026,60,40.829219
21.395532,60,40.872028
26.363939,60,40.920276
58.301205,60,40.962346
6.553953,32,40.997885
34.805274,60,41.048304
22.787329,60,41.094885
31.725517,60,41.139884
26.393336,60,41.181442
42.4322,60,41.222434
26.744924,60,41.264338
30.059786,60,41.305216
35.627862,60,41.345299
28.465788,60,41.390275
23.033083,60,41.453235
29.589876,60,41.503315
26.639673,60,41.543897
31.368706,60,41.583879
38.452236,60,41.633003
35.31149,60,41.692864
37.991794,60,41.735097
15.642669,52,41.775341
22.716474,60,41.835277
27.720628,60,41.897122
21.213323,60,41.960281
25.489386,60,42.019378
33.322104,60,42.070575
7.760475,43,42.114357
28.567074,60,42.156041
8.259884,55,42.207956
26.294341,60,42.266006
33.955718,60,42.321148
47.936505,60,42.382667
41.20618,60,42.423391
16.656163,52,42.461826
29.126027,60,42.524776
28.364868,60,42.589758
32.821163,60,42.648888
41.020291,60,42.694534
31.451931,60,42.753646
40.265439,60,42.812516
26.476144,60,42.877914
40.617841,60,42.932003
29.935193,60,42.995432
27.73689,60,43.056346
35.25564,60,43.120315
35.509169,60,43.172818
40.416069,60,43.221795
39.798452,60,43.266009
32.054492,60,43.317636
36.334343,60,43.371073
36.425875,60,43.436806
14.154494,60,43.489682
37.448756,60,43.553055
58.444693,60,43.599407
44.471413,60,43.650799
35.744964,60,43.696349
50.497148,60,43.740575
42.851591,60,43.783406
49.745435,60,43.825816
43.487176,60,43.878295
20.650465,60,43.917838
21.123601,60,43.961014
33.621024,60,44.005002
29.055968,60,44.045923
26.029326,60,44.102636
12.729565,58,44.16572
36.136253,60,44.226046
40.978213,60,44.268327
48.735848,60,44.313077
56.387884,60,44.361292
38.568388,60,44.418976
42.864192,60,44.477033
32.301775,60,44.51873
33.793861,60,44.55974
38.866885,60,44.608246
39.098937,60,44.672453
36.053621,60,44.735797
35.726722,60,44.778018
34.405144,60,44.824442
31.603541,60,44.872918
30.197665,60,44.915298
23.098168,60,44.960247
47.100426,60,45.014838
21.957551,60,45.058879
8.261109,44,45.094888
21.880309,60,45.1572
52.454943,60,45.20021
40.595264,60,45.251214
24.904164,60,45.292423
41.754778,60,45.347564
44.20329,60,45.39827
36.982912,60,45.462113
31.483185,60,45.516857
37.746188,60,45.557229
41.064157,60,45.6129
16.998509,58,45.674319
38.145208,60,45.726717
13.948116,47,45.767113
18.702828,59,45.807714
40.13211,60,45.857651
38.293156,60,45.914288
36.394581,60,45.96377
44.236783,60,46.013027
37.726881,60,46.058943
39.937018,60,46.113051
41.0879,60,46.164457
30.728353,60,46.224377
32.657229,60,46.277535
35.621713,60,46.323685
38.101839,60,46.375692
41.578269,60,46.424506
25.351078,60,46.472883
34.129868,60,46.519076
34.157105,60,46.571444
19.424102,60,46.626019
33.495474,60,46.677301
6.404678,33,46.703792
29.588331,60,46.76119
38.578549,60,46.809497
55.737927,60,46.857189
51.816214,60,46.900906
54.68936,60,46.954448
49.717889,60,47.01712
41.213931,60,47.079102
40.103809,60,47.138341
50.495636,60,47.198978
41.093511,60,47.242577
37.774111,60,47.285722
27.263026,52,47.324539
29.556551,60,47.37599
47.162285,60,47.420539
36.105495,60,47.473644
37.313376,60,47.532299
34.243925,60,47.572181
41.028812,60,47.627212
34.856564,60,47.672899
34.116378,60,47.727912
44.085472,60,47.787559
43.184894,60,47.840923
42.917823,60,47.890964
36.070634,60,47.948273
45.749015,60,48.005587
33.60744,60,48.047845
44.918777,60,48.093871
44.065299,60,48.140311
35.331073,60,48.195403
50.79153,60,48.241923
43.074819,60,48.30193
34.359478,60,48.352409
26.205258,60,48.40045
32.820575,60,48.444326
41.254837,60,48.493022
34.544651,60,48.540644
30.34376,60,48.588209
21.211558,60,48.641893
49.364824,60,48.683206
36.991825,60,48.725223
25.954024,60,48.76912
36.922087,60,48.809747
43.057899,60,48.85242
48.113462,60,48.895138
18.391249,60,48.934912
31.808157,60,48.979403
13.52803,59,49.023499
35.998971,60,49.0698
41.085515,60,49.110494
49.213194,60,49.17155
46.971824,60,49.23633
39.783948,60,49.280528
28.737561,60,49.331146
33.47432,60,49.38474
48.339832,60,49.432077
41.14536,60,49.493209
42.58235,60,49.540676
34.189167,60,49.590334
40.470662,60,49.630888
39.706636,60,49.672408
44.925661,60,49.713137
34.794674,60,49.765309
48.182203,60,49.80664
37.474115,60,49.847847
12.531851,35,49.870471
39.390492,60,49.910765
44.125195,60,49.952752
45.165577,60,50.005193
29.531133,60,50.049366
25.139644,60,50.095344
44.80192,60,50.145497
43.202908,60,50.210678
10.84345,60,50.260155
39.482407,60,50.303144
51.646901,60,50.359787
52.66404,60,50.399839
36.547608,60,50.441653
39.944389,60,50.483574
28.821677,60,50.526692
40.950529,60,50.582128
32.824635,60,50.630449
37.938689,60,50.673877
41.336874,60,50.715019
49.863289,60,50.765862
43.145615,60,50.809793
38.486333,60,50.867717
56.735011,60,50.919213
37.313073,60,50.969087
42.943091,60,51.023304
43.25322,60,51.066047
44.523846,60,51.108185
36.709274,60,51.161461
50.37066,60,51.225625
31.987152,60,51.28545
43.828969,60,51.327096
40.542785,60,51.367743
32.503884,60,51.408958
37.278565,60,51.450012
41.47221,60,51.491098
45.900895,60,51.533809
44.064989,60,51.57509
42.593128,60,51.62707
33.425323,60,51.688014
28.867615,60,51.753092
35.500393,60,51.802274
13.692185,60,51.85664
47.130501,60,51.897086
40.311113,60,51.937595
21.430485,60,51.995616
21.385488,60,52.036462
45.936578,60,52.079222
39.019219,60,52.129282
38.601798,60,52.17894
34.705989,60,52.234912
45.018698,60,52.293386
28.823341,60,52.346972
45.423789,60,52.406176
41.135253,60,52.46778
44.016439,60,52.51473
47.245532,60,52.562247
39.121374,60,52.612589
41.066242,60,52.674541
35.191073,60,52.742255
35.438952,60,52.791151
29.292323,60,52.836174
38.789633,60,52.892083
39.020018,60,52.952167
34.734763,60,52.992197
44.490194,60,53.053271
41.356086,60,53.109234
43.456956,60,53.160068
44.184631,60,53.207199
44.439953,60,53.269586
32.49366,60,53.33321
37.930049,60,53.381289
44.010494,60,53.445364
33.081518,60,53.494347
39.631999,60,53.555609
42.61629,60,53.616971
38.96453,60,53.672909
20.902373,60,53.733651
36.122113,60,53.783209
47.025974,60,53.833639
47.484569,60,53.879077
48.210194,60,53.930746
32.513911,60,53.975452
46.470616,60,54.028863
41.31814,60,54.078232
27.563562,60,54.137761
39.646872,60,54.19135
41.60567,60,54.242563
32.41512,60,54.297592
43.0199,60,54.357359
13.969509,38,54.39698
56.889905,60,54.455896
41.371405,60,54.518969
39.575006,60,54.578801
46.159165,60,54.639114
53.502726,60,54.691497
44.242446,60,54.741896
43.724727,60,54.795971
20.009463,60,54.843051
36.769501,60,54.888219
52.575892,60,54.947215
39.336658,60,54.997257
24.84398,60,55.04106
19.653716,60,55.082314
35.114525,60,55.128069
48.567714,60,55.191151
40.362524,60,55.245972
42.940556,60,55.303662
44.073571,60,55.356846
48.883444,60,55.406319
52.386186,60,55.45075
18.09511,60,55.49107
42.630087,60,55.532659
18.839566,60,55.575079
46.291637,60,55.616588
35.697956,60,55.664567
57.66023,60,55.707328
43.459769,60,55.761848
50.708014,60,55.81544
48.584416,60,55.880599
16.97444,41,55.909947
29.998853,60,55.952296
25.199791,60,56.004258
50.637502,60,56.053628
46.24886,60,56.09583
35.644375,60,56.138029
46.561816,60,56.185393
48.890999,60,56.229832
30.220798,59,56.275652
32.780618,60,56.34002
49.748384,60,56.39704
40.974372,60,56.443987
46.916476,60,56.492912
23.198475,60,56.548168
9.601243,55,56.604264
30.794693,60,56.655886
39.332795,60,56.712125
47.494766,60,56.769117
50.009572,60,56.82803
46.898346,60,56.87474
35.822488,60,56.926029
52.916251,60,56.972493
35.962421,60,57.022937
50.418981,60,57.087396
46.844841,60,57.136139
52.110841,60,57.193295
42.933299,60,57.243083
45.104791,60,57.294811
45.136019,60,57.353565
52.794222,60,57.411792
42.829026,60,57.476366
48.203875,60,57.519938
34.048663,60,57.568806
39.249536,60,57.633197
47.748886,60,57.697322
28.576444,60,57.763192
24.505198,60,57.811881
39.454694,60,57.854496
5.687305,49,57.886635
24.115538,60,57.927344
15.868064,60,57.969047
45.689542,60,58.033505
34.088406,60,58.086401
37.361252,60,58.137679
52.075897,60,58.198739
32.282239,60,58.253022
54.207158,60,58.294021
49.443237,60,58.342525
46.594623,60,58.404449
37.980968,60,58.469018
54.87612,60,58.532635
52.698329,60,58.577457
22.649636,60,58.632357
53.63074,60,58.673554
50.213241,60,58.715257
49.765589,60,58.758132
42.863266,60,58.819022
22.540977,60,58.874336
45.252439,60,58.920902
45.158344,60,58.971551
31.619288,60,59.031292
5.198692,51,59.072536
17.369165,60,59.115628
21.423244,60,59.171271
21.425961,60,59.233492
41.097501,60,59.286608
53.486921,60,59.346008
52.60428,60,59.388818
55.572546,60,59.449777
30.716196,60,59.499058
45.493428,60,59.554812
49.33331,60,59.601053
42.754606,60,59.658874
50.881818,60,59.704795
45.379126,60,59.748844
42.474446,60,59.811555
27.260044,60,59.87099
43.751595,60,59.931781
43.735565,60,59.990772
35.885818,60,60.054676
34.288734,60,60.110396
33.490236,60,60.174797
54.910642,60,60.235759
28.645268,60,60.2833
48.928049,60,60.325509
53.188456,60,60.384938
49.964624,60,60.442785
52.444514,60,60.490946
26.248306,60,60.535784
41.4306,60,60.578124
53.514476,60,60.624276
35.335216,60,60.683054
40.371733,60,60.724469
44.245677,60,60.768829
30.990333,60,60.810542
46.628257,60,60.854312
53.670058,60,60.903659
35.685186,60,60.953627
43.429543,60,60.997357
37.329596,60,61.059818
53.450532,60,61.110108
48.205688,60,61.155606
55.017577,60,61.219925
56.11159,60,61.283773
29.450892,60,61.349033
43.738558,60,61.413694
52.734537,60,61.478658
29.624808,60,61.542219
49.362665,60,61.60745
53.550959,60,61.65452
34.559886,60,61.705811
14.237576,55,61.764471
57.318142,60,61.81622
52.312512,60,61.860437
41.829315,60,61.911986
52.322738,60,61.960547
44.427442,60,62.019066
24.346473,60,62.058972
47.218689,60,62.102434
54.863784,60,62.158918
35.39048,60,62.209781
40.106665,60,62.250915
30.591307,60,62.291414
25.844775,60,62.334455
56.156628,60,62.376451
53.509666,60,62.419446
36.580383,60,62.461864
53.374645,60,62.516132
28.397928,60,62.558885
38.690328,60,62.601126
44.26475,60,62.664098
30.102833,60,62.729078
38.028059,60,62.793892
18.006662,60,62.850441
47.642528,60,62.892405
28.651849,60,62.93995
39.506802,60,62.987808
36.625408,60,63.047556
25.132672,60,63.100396
35.685695,60,63.142003
34.766984,60,63.184409
13.321904,60,63.240392
2.720495,30,63.273832
3.998738,30,63.305406
33.891761,60,63.363942
20.784187,60,63.427603
44.491403,60,63.487462
51.545184,60,63.526713
56.050497,60,63.572326
48.190428,60,63.631983
52.838384,60,63.68451
49.584408,60,63.72881
52.360281,60,63.783852
28.765224,60,63.834717
44.441037,60,63.886028
37.080615,60,63.936083
31.584246,60,63.97839
39.986729,60,64.038709
44.137504,60,64.102026
27.974946,60,64.146423
34.931625,60,64.189161
49.72775,60,64.229931
35.991915,60,64.270923
46.68122,60,64.311952
54.336398,60,64.359921
41.515224,60,64.415519
35.987149,60,64.480032
36.446985,60,64.545052
24.731349,60,64.587288
19.234735,60,64.629076
17.90039,38,64.655965
34.397526,60,64.719914
42.445662,60,64.784435
28.168476,60,64.847512
51.64411,60,64.910883
55.772832,60,64.961753
57.153091,60,65.018248
52.868007,60,65.078743
51.141775,60,65.138787
44.857974,60,65.193458
38.90526,60,65.257579
52.737508,60,65.308563
51.841499,60,65.352454
42.919781,60,65.398746
40.269738,60,65.447008
46.822839,60,65.502836
50.007479,60,65.564273
22.32391,60,65.622112
34.561753,60,65.675964
30.643491,60,65.741854
50.492797,60,65.802969
35.560029,60,65.843878
24.418169,60,65.887219
29.725529,60,65.928956
54.792196,60,65.978647
31.645016,60,66.031564
56.036037,60,66.084777
49.581517,60,66.137311
55.508771,60,66.187213
54.616031,60,66.247042
53.008514,60,66.287519
36.014341,60,66.32771
50.089103,60,66.380785
54.628277,60,66.421945
43.194496,60,66.464988
37.193111,60,66.505357
52.362837,60,66.546041
51.222168,60,66.600966
51.382181,60,66.651483
51.360754,60,66.7154
50.424125,60,66.76342
43.793517,60,66.804768
33.153625,60,66.848669
41.645076,60,66.896948
55.424171,60,66.943399
56.849816,60,66.997696
33.601423,60,67.050754
33.431555,60,67.102256
46.54987,60,67.163335
52.892099,60,67.227267
40.303231,60,67.28143
54.929905,60,67.324349
51.759837,60,67.36689
25.184297,60,67.407573
53.176399,60,67.448601
44.995244,60,67.500328
39.892181,60,67.547199
41.921155,60,67.597257
40.005173,60,67.642317
51.621846,60,67.68482
49.599841,60,67.725496
35.160575,60,67.776456
52.686826,60,67.826782
51.094037,60,67.881166
44.808432,60,67.926782
45.070891,60,67.97732
35.168345,60,68.031254
13.286485,60,68.085168
31.208512,60,68.136255
17.368583,60,68.194851
46.989893,60,68.252587
44.637087,60,68.303139
33.805673,60,68.345616
44.831057,60,68.408746
51.715255,60,68.47383
55.745341,60,68.538842
54.997696,60,68.602967
54.815011,60,68.66789
43.030844,60,68.733421
37.263473,60,68.798957
23.010159,60,68.86336
53.078316,60,68.917341
44.237312,60,68.98201
46.386403,60,69.044872
43.017784,60,69.088513
49.740539,60,69.147971
56.789531,60,69.211232
55.982108,60,69.259334
41.726418,60,69.304641
44.006155,60,69.35538
47.778821,60,69.420067
53.083807,60,69.464661
35.38086,60,69.521789
53.200359,60,69.576051
57.861201,60,69.620789
33.804854,60,69.665069
49.503659,60,69.714443
42.871801,60,69.762676
25.901156,60,69.81079
40.719877,60,69.859915
35.26055,60,69.907383
43.50786,60,69.954341
37.105776,60,69.996834
36.454161,60,70.043821
41.307327,60,70.091262
48.526011,60,70.134295
55.878994,60,70.190623
38.204076,60,70.255536
53.919489,60,70.311443
38.749444,60,70.352194
48.346915,60,70.391793
36.931964,60,70.43569
34.385483,60,70.477823
49.376429,60,70.517957
48.435814,60,70.573915
45.537276,60,70.637859
38.470922,60,70.694766
42.330447,60,70.739795
49.31203,60,70.793307
41.886215,60,70.846977
50.563544,60,70.886999
47.121792,60,70.929307
49.283781,60,70.97208
55.150391,60,71.020432
31.292777,60,71.07135
57.263423,60,71.130829
55.14049,60,71.194577
57.279959,60,71.246589
42.644297,60,71.292039
51.747553,60,71.333685
34.40024,60,71.37476
48.940494,60,71.426926
51.956824,60,71.483222
50.526957,60,71.523217
50.834375,60,71.563716
44.230185,60,71.610535
41.694037,60,71.67622
39.078414,60,71.731893
45.122332,60,71.772138
56.534806,60,71.813302
35.769323,60,71.85448
44.663755,60,71.899614
42.413494,60,71.96469
30.691986,60,72.021426
31.453781,60,72.074274
41.733022,60,72.127056
46.314416,60,72.178644
44.246904,60,72.229175
51.45058,60,72.283142
49.97574,60,72.33865
54.581998,60,72.399185
47.716983,60,72.464963
39.642673,60,72.521732
49.34849,60,72.576667
57.420899,60,72.638614
50.133439,60,72.690993
37.280064,60,72.754421
39.292458,60,72.799488
56.466218,60,72.847426
55.698343,60,72.90261
45.765062,60,72.942471
43.793435,60,72.997027
32.454088,60,73.061877
54.402465,60,73.125298
56.879195,60,73.189773
53.954767,60,73.254214
45.978452,60,73.316957
45.017416,60,73.374725
39.771351,60,73.435354
25.898892,60,73.487209
13.392489,50,73.538861
40.15157,60,73.603141
42.578762,60,73.664109
42.499927,60,73.712261
42.762536,60,73.760933
43.572428,60,73.802847
43.681173,60,73.847555
41.351306,60,73.900822
49.182197,60,73.963832
53.880232,60,74.014128
55.538702,60,74.06672
52.403354,60,74.120695
54.012049,60,74.170701
56.246552,60,74.213458
32.691059,60,74.255215
45.797539,60,74.295862
26.306324,60,74.337382
55.745455,60,74.377295
29.776907,60,74.420833
42.45579,60,74.472659
41.587979,60,74.537056
34.578613,60,74.581586
56.029974,60,74.626274
53.771044,60,74.676643
38.630606,60,74.737273
48.543576,60,74.791816
36.728713,60,74.838695
53.260596,60,74.881378
51.685956,60,74.927773
39.447534,60,74.981316
48.620473,60,75.026194
45.574185,60,75.076792
46.180264,60,75.131765
43.051383,60,75.195103
45.388636,60,75.23689
53.927167,60,75.28269
57.026282,60,75.332042
55.620296,60,75.378758
55.718626,60,75.431481
56.054914,60,75.482036
34.367377,60,75.525977
57.222379,60,75.574506
53.628919,60,75.629174
42.053862,60,75.677635
44.27063,60,75.725801
52.178438,60,75.785089
45.213291,60,75.841081
50.447885,60,75.884031
46.464647,60,75.930731
35.593525,60,75.99628
31.29596,60,76.04009
50.04291,60,76.103388
49.941483,60,76.158697
47.202397,60,76.220697
36.252255,60,76.263176
42.639702,60,76.3075
50.077014,60,76.357692
44.953188,60,76.397726
32.090686,60,76.449652
45.127041,60,76.51334
46.521933,60,76.561555
50.244899,60,76.623342
49.590147,60,76.667095
55.213758,60,76.722465
54.685994,60,76.770817
33.88846,60,76.818668
34.726442,60,76.874753
50.803146,60,76.920193
47.461406,60,76.977654
48.892905,60,77.033506
47.473358,60,77.076457
39.167191,60,77.118696
43.456738,60,77.165695
46.687034,60,77.207809
52.46963,60,77.257532
55.03043,60,77.312979
43.367481,60,77.356159
54.740946,60,77.398262
39.062471,60,77.439543
53.625035,60,77.496173
56.011279,60,77.561268
32.178163,60,77.625181
49.058513,60,77.689727
49.17897,60,77.75319
43.943932,60,77.802749
29.41762,60,77.860103
46.287166,60,77.920632
39.609301,60,77.984102
51.049978,60,78.028522
53.071249,60,78.073264
51.827699,60,78.13765
52.056478,60,78.185152
43.754687,60,78.228495
43.12518,60,78.277018
45.597135,60,78.329499
43.947665,60,78.378667
45.073743,60,78.437339
52.981347,60,78.501389
50.796997,60,78.566297
49.515404,60,78.611539
54.513555,60,78.653257
55.820281,60,78.710269
51.344422,60,78.757666
15.77128,38,78.784195
53.008026,60,78.840676
47.657286,60,78.903615
8.094891,35,78.941675
52.449692,60,78.986277
57.427076,60,79.039213
55.181285,60,79.084658
33.970998,60,79.127077
53.674392,60,79.171535
38.647607,60,79.213692
52.992485,60,79.256879
25.491749,60,79.297323
56.068822,60,79.344161
50.490854,60,79.408777
11.664993,56,79.461562
21.141368,60,79.515647
35.338974,60,79.568614
55.318399,60,79.618944
55.137949,60,79.670111
55.468198,60,79.715641
23.013895,60,79.766152
46.164773,60,79.810558
54.594017,60,79.85887
57.420032,60,79.909884
50.926436,60,79.964128
47.19021,60,80.018434
41.358831,60,80.058765
54.08279,60,80.108734
36.170626,60,80.170857
27.659433,60,80.21095
29.439995,60,80.252119
17.865787,41,80.284952
37.459177,60,80.338806
49.510797,60,80.397326
55.108073,60,80.456727
55.205347,60,80.516284
51.315955,60,80.579514
56.570174,60,80.644103
50.19868,60,80.692404
22.726486,60,80.734105
54.213507,60,80.78563
55.037128,60,80.844335
28.676283,60,80.887412
55.917861,60,80.935272
41.930274,60,80.993125
55.519904,60,81.035294
5.884571,26,81.053433
57.188085,60,81.103594
56.13145,60,81.160286
56.430589,60,81.208297
56.52491,60,81.261167
54.571049,60,81.321397
48.431773,60,81.382596
33.916314,60,81.448596
55.796757,60,81.500737
21.830246,60,81.547255
55.251067,60,81.58957
35.598732,60,81.62876
32.348206,60,81.670096
46.690304,60,81.710063
51.315643,60,81.760546
51.002757,60,81.824578
50.712322,60,81.874208
39.6881,60,81.916983
52.416747,60,81.964793
49.566677,60,82.01176
45.449782,60,82.075861
48.57216,60,82.117887
52.609514,60,82.172857
54.437473,60,82.219687
56.536619,60,82.268658
